id,genre,track_name,artist_name,valence,energy
4I2GqMe7L2ccMpUbnDzYLH,acoustic,Somebody To Love,Justin Bieber,0.272,0.678
51UNNIXG0vZrwB40N6qWOo,acoustic,Still in Love with You,Sade,-0.424,-0.02
3Ajt1YY9Q0LynMPm2xqqOc,acoustic,Just The Way You Are,Diana Krall,-0.078,-0.326
6mM3zAPOuNkNDytJCDGz96,acoustic,Naïve - BBC Radio 1's Jo Whiley's Live Lounge,Lily Allen,-0.14,-0.484
0v913JHU9h91rxpuDUNJxR,acoustic,Skyscraper (feat. Megan Nicole),Boyce Avenue,-0.146,-0.326
3fCJRE4P1uU8dcqEW5mnM6,acoustic,Staple It Together,Jack Johnson,0.572,0.588
5SdG78xwNRsjXmFGhm9Z8D,acoustic,Om du letar efter nån,Melissa Horn,0.316,-0.432
3k9qjgu8zVKTEuJVJIYyc0,acoustic,Just Breathe,Pearl Jam,-0.396,-0.302
2C1kuFV3lOQZ4O5FkyAaWI,acoustic,Northern Wind,City and Colour,-0.464,-0.646
4mT5mVFaU7trA3UdbGqfB9,acoustic,Gold Rush - Deluxe Edition,Ed Sheeran,0.778,-0.504
5rOHTPNcHiwhQYqNBpRW2x,afrobeat,1er Gaou - Version originale,Magic System,0.886,0.72
2XY16w5EeeqEbDgNkU4NnE,afrobeat,Din Din Wo,Habib Koité,0.772,0.608
4SfxzVkGFzgW0U83Y8brVk,afrobeat,Yala,Oumou Sangaré,0.824,0.782
4WJ9gxU84Kv9TSXWfGVpRC,afrobeat,Yori Yori,Bracket,0.896,0.586
3PIAWNKvcJc0EwwoyTVl6y,afrobeat,Hwehwe Mu Na Yi Wo Mpena,Various Artists,0.576,0.472
2bWs6hFVGp5YvDYCW1pW0Z,afrobeat,Sexy Ladies,Various Artists,-1,-1
6H0nXYPj3l6aSBtq7E6zkv,afrobeat,Ye Te Oh,Papa Wemba,0.376,0.494
6c5VC9m9r2X5gS4aXk8DO4,afrobeat,Conia,Cheikh Lô,0.318,0.336
1nS5B50pKajeniz9fCMDnH,afrobeat,Sorrow Tears & Blood,Fela Kuti,0.654,0.56
4ADxDfrGrTw6D1slX8wUVS,afrobeat,Redemption Song,Various Artists,0.144,0.058
1uIsJdRjJ1G2GEWZFjtpKq,alt-rock,Hold On Hope,Guided By Voices,-0.672,0.008
3yxivtl0NsPCexmEok42c2,alt-rock,Bury Our Friends,Sleater-Kinney,0.642,0.886
5s8zZQ9G7XOoJygkfCHQ2h,alt-rock,Where I'm From,Eels,0.486,0.076
2lwwrWVKdf3LR9lbbhnr6R,alt-rock,Float On,Modest Mouse,0.106,0.776
4dOXc4Suk5eig0jiCqCN5Y,alt-rock,Love Remains The Same,Gavin Rossdale,-0.782,0.264
3vA3kv3NDvOpFQA3bFkGbw,alt-rock,Detachable Penis,King Missile,0.644,0.53
4ZFb9hUWOfdpq0JmbHDLyE,alt-rock,Girlfriend,Matthew Sweet,0.652,0.168
7oypoJJHZOALqQlGKpTefk,alt-rock,"You're Gonna Go Far, Kid",Various Artists,0.222,0.754
2WqK4182RvloQDTJojmfVa,alt-rock,I Love A Magician,Dismemberment Plan,-0.308,0.988
0E81UOGvTqck6jrS0QCOhF,alt-rock,Man On the Run,Bush,-0.446,0.654
6QU2cUKs4YTZFdGFdCDgrI,alternative,Deconstruction,Fanfarlo,-0.712,0.644
4NwJWJ7rIZBnv8TwNRhGG2,alternative,Left Hand Free,alt-J,0.604,0.754
0Zbm5CKG9HHT9bwgvFc0qI,alternative,Decode - Twilight Soundtrack Version,Paramore,-0.446,0.732
6KtLECDztnah63TNmV4Plw,alternative,Wish You Were Here,Incubus,-0.3,0.536
0UrWr7Jnu1heq1o99ZwUd0,alternative,Youth of the Nation,P.O.D.,0.034,0.72
574GJ55EBM79W6n2V5bL5z,alternative,Slow It Down,The Lumineers,-0.784,-0.872
0ancVQ9wEcHVd0RrGICTE4,alternative,Take Me Out,Franz Ferdinand,-0.02,0.328
3e0yTP5trHBBVvV32jwXqF,alternative,Anna Sun,WALK THE MOON,-0.32,0.688
11nv53N7ZnNTCgyl8yxvYd,alternative,Cannonball,The Breeders,0.49,0.522
1aB3C7GKpCFgsdhqzfZW0U,alternative,Bloodshake,Peace,-0.506,0.682
1ZSGpxA5iWozqbeK83zt3w,ambient,City,Martin Stig Andersen,-0.9376,-0.9518
4GFkGQxGMrfJMDxPGX6qJ3,ambient,Business Car Park 9,The Black Dog,-0.8834,-0.452
1OrIF9k3A1wMADZnr4URUB,ambient,Boa Sorte,Hôtel Costes,-0.346,0.126
2SMn57cBVxoD4TArscpovk,ambient,Islands,The xx,0.414,-0.056
1L37SbwQb40SvA8hyKicDZ,ambient,Sequor,Sync24,-0.9374,-0.496
0WUa9NlbHJwX11vXtMtbBp,ambient,Super Relaxation - Wellness Version,Various Artists,-0.48,-0.11
5loRrMg0iqxgIhDdmMqJyv,ambient,Facing East,Thievery Corporation,0.098,0.908
1v57TDc8H5TKZBXykKHzwG,ambient,Forest,Konami Kukeiha Club,-0.738,0
44SQOW2hynczktADLNPeuH,ambient,Takk...,Sigur Rós,-0.9252,-0.596
1LGYkFYAII9kPkh98W08QU,ambient,Events In Dense Fog - 2005 Digital Remaster,Brian Eno,-0.9484,-0.872
4tfOTcqoFPPN4rEJiPMTfx,anime,夢の終わり,Eir Aoi,-0.338,0.21
5xTpeM7GzFfhKjAJA6rsHa,anime,コネクト,ClariS,0.5,0.848
4kQXQMJrlKBUFwX0S6JW4S,anime,運命の女神 - Team. S ver.,"Wake Up, Girls!",0.764,0.898
2ieISubvw1hO1bunfrEMob,anime,Life is Like a Boat,Various Artists,-0.068,-0.288
3eCAd3r5TH2v8WZNzOUnTR,anime,snowdrop -春奈るなver.-,Luna Haruna,-0.174,0.484
6w8dVh3h8UagcEUi4LXfFC,anime,NEXTAGE,i☆Ris,-0.374,0.97
6OKHlCt9rRE0Fe9S7r8hgN,anime,Gospel of the Throttle,Minutes Til Midnight,-0.26,0.938
4BhbfycCOolFAy811R7yni,anime,どこまでも 〜How Far I'll Go〜,Various Artists,-0.71,-0.312
7i6Y2OrWhKveN8s7XU5r5L,anime,sandpiper,Kalafina,-0.312,0.15
7rJMGiBP7bBwHlYSHiSGan,anime,よってS.O.S,RAMMに這いよる XXX,0.826,0.922
6xTfPsE1ZGN8B4KiN70fuH,black-metal,Ridicule Swarm,Enslaved,-0.69,0.898
2MmwOBhqdT9wxpd5jULLFC,black-metal,Tortured By Solitude,ColdWorld,-0.718,0.148
1RctcGx5m5kJGD7fjbpyiJ,black-metal,"Now, Diabolical",Satyricon,-0.456,0.918
6ZxXst66FpaahJKVJR6nfm,black-metal,Destroyer Of Worlds,Bathory,-0.8468,0.728
2jS3Rq5xWVG80daU05yepW,black-metal,Seven Harmonies Of The Unknown Truth,Burzum,-0.62,0
6HNupgFhT9hhboHa8lN0vB,black-metal,Dance Of The Mortal Lust,Windir,-0.756,0.85
3NAF3vWXUXYSELHLQsPHyu,black-metal,In Blood - Devour This Sanctity,Belphegor,-0.9144,0.762
6czZcJ6fIaCJIHRt0WlmI3,black-metal,Dark Night of the Soul,Mayhem,-0.64,0.858
2ioXUTT3HXCHoTkQBvehd8,black-metal,Total Destruction,Bathory,-0.46,0.942
2P81Yu6PC2mZViMWjPkCUP,black-metal,Thorns Of Crimson Death,Dissection,-0.678,0.886
7bbCWvXoOSDhbSU8G2YC93,bluegrass,Won't Be Coming Back,The Infamous Stringdusters,0.748,0.304
40vYbzh5xpdNnDNNbHzWLb,bluegrass,Momma Cried,Alison Krauss & Union Station,0.44,0.346
0jDbdPGKODhw2aLPBHheNK,bluegrass,Banana Banjo,Steve Martin,0.758,0.18
7AGbSKZwowMhliLrjlDzsC,bluegrass,You Took All The Ramblin' Out Of Me,The Boxcars,0.624,0.358
4Uiz713Fq4FOKLs0UTr5Od,bluegrass,Highway 40 Blues,Ricky Skaggs,0.898,0.504
5KJ1qwSJlg5CJSqaYP9Y6D,bluegrass,The Rambler's Blues,Lester Flatt & Earl Scruggs And The Stanley Brothers,0.704,-0.424
1h70a8Y5zpIMhaoMYaVtri,bluegrass,Gravity,Alison Krauss & Union Station,-0.62,-0.392
1w2pbFjRSU2UgKWchUql3j,bluegrass,Nobody Else,Trampled by Turtles,0.694,0.812
12nv7Xzdayl7IuLtCWT5AC,bluegrass,Life Finds A Way,The Grascals,0.61,0.258
5U6qAR1LJVflpoVAVSW6Rh,bluegrass,Murder in the City,The Avett Brothers,-0.536,-0.492
2wvt1LGGKrc2775wD04Zec,blues,I Feel So Good,Muddy Waters,0.332,-0.098
0AE1Ymr9Cjam8BLt5FcTRO,blues,"Texas Flood - Live at Montreux Casino, Montreux, Switzerland - July 1982",Stevie Ray Vaughan,-0.302,0.03
6ZUzDtrF8d2MCYIp1MkXj1,blues,Crying Won't Help You,B.B. King,0.592,-0.08
6s0NHplywwr1IjnQpUpWJk,blues,Bad To The Bone,George Thorogood & The Destroyers,0.91,0.454
71DcTTRfdZfLByBjaGpTcT,blues,I've Got Dreams To Remember featuring John Mayer,Buddy Guy,-0.436,-0.128
3LkhowDvQ0ky3LQ5L6TLFk,blues,Got My Mojo Working - Live,Muddy Waters,-0.254,0.878
33fdvicpRVPWCPz19Obajn,blues,Back To Black,Amy Winehouse,-0.33,0.45
4BYGxv4rxSNcTgT3DsFB9o,blues,Purple Haze,Jimi Hendrix,-0.132,0.796
1IGLflME1NnQgstViQlOE3,blues,Little Queen Of Spades,Robert Johnson,0.246,-0.726
0h1GQXLDD4TvQ8WrZMe7kB,blues,Cajun Moon,J.J. Cale,0.784,0.262
2MZdrGZdYbO8ycWlpzvIr5,bossanova,Vivo Sonhando - Dreamer,Palmyra & Levita,-0.556,-0.592
5PovGliLqeT8G1wbATO3Qc,bossanova,Tô Voltando,Bossacucanova,0.672,0.632
7rITnIMuwWkF81aOUN3kK4,bossanova,Momento,Bebel Gilberto,-0.404,0.076
5C4mopQkessseIowhZnWlJ,bossanova,Barquinho de Papel (Little Paper Boat),Carlos Lyra,-0.162,-0.796
5DhPzSIi0HHZNJOOwIy3Xn,bossanova,Doce Menestrel,Rosa Passos,-0.624,-0.658
5kqylYxS1amFNM2hCH0EUp,bossanova,Mr Lucky,Laurindo Almeida and The Bossa Nova All Stars,0.902,-0.082
2mmsepkKlQNMNP0r2I5LLI,bossanova,Última Composição,Ale Vanzella,-0.21,0.448
4ppA4CKfqPCh6d5VFjvLMh,bossanova,O Nosso Amor,Joao Gilberto & Astrud Gilberto,0.776,-0.396
34qsj3eFSrApDeLxeZfW2D,bossanova,A Bênção Bahia/Tarde Em Itapoã/Tatamirô/Meu Pai Oxalá/Canto De Oxum/Maria Vai Com As Outras/A Bênção Bahia,Vinícius de Moraes,0.422,0.024
7240PkTnUTQq5nEgyUxeyJ,bossanova,Monologo de Orfeu,Antônio Carlos Jobim,-0.3,-0.602
6hwrxnBXln6pXeMJc6b6Im,brazil,Agua De Beber,Astrud Gilberto,0.63,-0.298
7e1OrZHVcoXkP4hxLjP3oA,brazil,Subirusdoistiozin,Criolo,0.116,0.006
3oVI4L3rUkawtbRo2GsOZh,brazil,Sambinha Bom,Mallu Magalhães,0.158,-0.188
1TX4h6MrIZ0K3r4OOG11WO,brazil,Flor de Lis,Djavan,0.562,0.004
5vdH3ZOmnmvCtLbfNpJBgb,brazil,Depois,Marisa Monte,-0.13,0.128
2kYAcKRS0NIhMJbHjyMEkZ,brazil,Você de Mim Não Sai - Ao Vivo,Luan Santana,0.032,0.834
14zHULg93hiSpMR71IzMs3,brazil,Anna Júlia,Various Artists,-0.102,0.618
0q1hmhVWdR04mZup6mR56u,brazil,Preta Pretinha,Novos Baianos,0.546,0.122
0wmtEwRmA8l3jndpf8zARo,brazil,Máscara,Pitty,-0.162,0.39
4Z8zmUkhtz6pCLuWEUFx4J,brazil,Tempos modernos - Remasterizado em 2001,Lulu Santos,0.536,-0.09
0eQwLLutkGb8G9BvutEOrb,breakbeat,Narayan,The Prodigy,-0.924,0.852
5NE76zgyrBhV6W454cD2dE,breakbeat,Turner Road,Various Artists,-0.234,0.756
2s740v5LKLYFWcomTSn0Rj,breakbeat,I've Been Watching You,Southside Movement,0.652,0.406
2ki1y7wv2KzN92DXxdUOO5,breakbeat,Against The Grain - Continuous Mix,Krafty Kuts,0.002,0.894
7Eqt1Wdrs3luRdOFnTSElY,breakbeat,Out of My Head - Original Mix,Stanton Warriors,-0.362,0.462
5MomjGgGkxqYwyX7cRq8TC,breakbeat,Tilt,Plump DJs,-0.256,0.64
0JaqIqqFzNkQFoCJTFrakV,breakbeat,Feel Real Good,Various Artists,0.108,0.79
2U5dKDtmXiZUUJAtZcHk8B,breakbeat,"Get Me Back on Time, Engine Number 9 (Pt. 1 & Pt. 2)",Wilson Pickett,0.266,0.818
6MZAfPueIvw0a86iHQOCFw,breakbeat,The Outsider,Lack Of Afro,-0.08,0.672
0vu1RK6IMlhqOUDB2D3cdc,breakbeat,Trip To The Moon Pt.2,Acen,0.078,0.802
6MFsT6EQiCoYDuXsIqIdUn,british,Tired,Adele,0.104,0.326
3PbsDnKdrZY0ttX7VE9s5R,british,Underdog,Kasabian,0.31,0.79
5v4sZRuvWDcisoOk1PFv6T,british,Bloodstream,Ed Sheeran,0.086,-0.368
3MxJGBnYaP4yQYUv90HLqZ,british,Moments,One Direction,-0.494,0.478
0UYgsX2MLPKcnNHnAMIhrF,british,Littlest Things,Various Artists,0.138,-0.328
1yrNoXJopuBtsL5Vj62ESi,british,Englishman In New York,Sting,0.262,-0.05
6EuArluBSbxlFs4vtQ3cYR,british,Primadonna,MARINA,-0.146,0.378
3n2ujlr3mCscnFFpepXAIy,british,She's Electric,Oasis,-0.086,0.826
1oPg2EYKf2hbS7aDyE8j3S,british,The Riverboat Song,Ocean Colour Scene,0.216,0.724
3ex1wHTtyUV4GyIy80k9AY,british,Nights In White Satin,Various Artists,-0.72,-0.23
5yLMkyyg1XbhrQsVLgrcKH,cantopop,每一句說話,Tai Chi,-0.374,-0.404
4VGHWIvku8k4yvhDrQ0FGg,cantopop,Ai De Tai Chi,Leo Ku,-0.256,-0.232
1d50d5tUunZB0VlcQVU7Kd,cantopop,天下之大,Andy Hui,-0.07,-0.18
3LhkhK9MFRc1AnksZYguv0,cantopop,男人要小心,洪杰,0.726,0.34
423hxMWEkp9pdt3VuJs7d7,cantopop,南方舞廳,周耀輝,0.262,0.256
2SLwPaJTN6B6zwcIwsuQAK,cantopop,燕尾蝶,Shine,-0.166,-0.018
2z49XjWLYUEhKVxD2jFrkB,cantopop,"司機(電影""下一站天后""歌曲)",Shawn Yue,-0.508,0.098
6FQIfz8VMFrssf1o9QnOeB,cantopop,重投再愛,Alan Tam,-0.52,-0.328
1DK1b9YqrHMo4wzgLXKcMA,cantopop,思念是一種病(國),Robynn & Kendy,0.122,-0.384
63iE5H1MnytvD1W3Ic7Pme,cantopop,東京鐵塔下GULUGULU (粵),有耳非文,-0.148,-0.114
6BxCZuxeJGwqAcLH2QgLKi,chicago-house,"Renegades Of Funk - 12"" Vocal Version",Afrika Bambaataa,0.68,0.824
5UHYEKxprdLPM5NCEGOJVU,chicago-house,Free (Mood II Swing Radio Mix),Various Artists,0.012,0.716
501oHLxlJSpwJQPLz7Ba85,chicago-house,My Piano - Original 1990 Mix,Heyl,0.196,0.714
5ofAECqxt908DICsblfN47,chicago-house,"Don't Think Twice, It's All Right - live at Opera House, Chicago",Pete Seeger & Arlo Guthrie,0.014,-0.328
5T42BKBpIOkt2YnqKA0hC6,chicago-house,A Path - Original Mix,Various Artists,0.618,-0.1
69OXSx58gJfQiNhlX38Bzg,chicago-house,Woman,Dam Swindle,-0.024,0.594
7hnqJYCKZFW7vMoykaraZG,chicago-house,French Kiss - The Original Underground Mix,Various Artists,0.128,0.01
5Fm1I0XoPmyyQ5GB370e9W,chicago-house,Autodrive,Herbie Hancock,0.226,0.594
5MuNxNox3zTanAFIO5KcTl,chicago-house,He's the Greatest Dancer,Various Artists,0.674,0.63
4SmiFk4zGbPVf0vvoSDvuG,chicago-house,Too Blind to See It,Kym Sims,0.396,0.17
1BLTUwLUW81KETgtodtFX3,children,Veggie Tales Theme Song,VeggieTales,0.562,-0.378
1uXbwHHfgsXcUKfSZw5ZJ0,children,Run the World (Girls),Beyoncé,0.52,0.798
5jaz6aiRknA63NIYWdbr2O,children,We R Who We R,Kesha,0.426,0.636
3LCS3m0N3rHiomapk8VQ5a,children,We No Speak Americano - Original,Various Artists,-0.052,0.386
2GzFejme2HJKiH4mAYag14,children,Kinderen voor kinderen Tune,Kinderen voor Kinderen,-0.414,0.614
2aguSiD8qwSjjRWLsW9qaF,children,Nonagon,They Might Be Giants (For Kids),0.904,0.604
6MvTH94jL3GxlVFO5Ssk1L,children,Papaoutai,Stromae,-0.476,0.65
06IWtDiU8D6DK8vSU072pa,children,"Pink Elephants on Parade - From ""Dumbo"" / Soundtrack Version",Various Artists,0.032,-0.13
6tXjP6xgPJ7Xr1igrO6bOE,children,Don't Stop The Music,Rihanna,0.084,0.338
4zak4HU6v0liACmOp1OZnQ,children,Rubber Duckie,Sesame Street,0.496,0.042
0Qw7qGuXlVBZLcfoQ17yZn,chill,Old Pine,Ben Howard,-0.548,-0.284
3bidbhpOYeV4knp8AIu8Xn,chill,Can't Hold Us (feat. Ray Dalton),Macklemore & Ryan Lewis,0.694,0.844
2GAIycsMaDVtMtdvxzR2xI,chill,Bohemian Rhapsody - Remastered 2011,Queen,-0.544,-0.196
4eHbdreAnSOrDDsFfc4Fpm,chill,I Will Always Love You,Whitney Houston,-0.78,-0.572
53Pgsvu3qSYO2aXt5J2vcL,chill,Lego House,Ed Sheeran,0.13,0.274
35aNHKBZWXXbL9KQK7O5Nk,chill,Hurricane,MS MR,-0.476,0.36
2374M0fQpWi3dLnB54qaLX,chill,Africa,TOTO,0.464,-0.254
5cwN1htZyoWqZCc33f3RfE,chill,The High Road,Broken Bells,0.206,0.276
2FiceoWDJ67rrmb5tGBpgE,chill,Ghost,Ella Henderson,-0.028,0.672
1mBCmEfsVz5Wm77dJcxcYH,classical,"Capriccio Espagnol, Op. 34: I. Alborada",Nikolai Rimsky-Korsakov,-0.704,-0.432
7nTwlmrw5dRthSvSTmCsKa,classical,"Isorhythmic Motets: Apostolo glorioso - Cum tua doctrina - Andreas, Christi famulus",Guillaume Dufay,-0.784,-0.766
1Z43fZwZBbyx2Z9EkWvNs5,classical,"Sonata for 2 Pianos in D Major, K.448/375a: I. Allegro con spirito",Wolfgang Amadeus Mozart,-0.168,-0.8782
4sS6WUtvjFWLui3Jj8C6zl,classical,Indiana Jones and the Temple of Doom - Raiders of the Lost Ark,London Symphony Orchestra,-0.394,-0.508
3E07N0x6xVbt6LOtOeJOtb,classical,"Clarinet Quintet in B Minor, Op. 115: Clarinet Quintet in B Minor, Op. 115: II. Adagio",Johannes Brahms,-0.9272,-0.9686
2r2hR9gGMdusndlRzhM0cc,classical,Colonial Song,Percy Grainger,-0.911,-0.8676
6eiERZXZqMNYk7RjqR9Ucd,classical,Sonate pour clarinette et piano H.42: II. Lent et soutenu,Alexandre Tharaud,-0.9284,-0.99368
1bzFjrI7CYXDcyEYY2iT7M,classical,"Piano Concerto in F-Sharp Minor, Op. 20: I. Allegro",Alexander Scriabin,-0.9204,-0.893
77Z7XS4SNSN7EZve9nkPGP,classical,Atlantico,Roberto Cacciapaglia,-0.684,-0.502
2HWN6akIsAITcBZNvKA94M,classical,Dream Waltzes: DreamWaltzes,Singapore Symphony Orchestra,-0.9282,-0.9448
0nejfXN5tjdICWIdfakXWx,club,Lionhearted,Porter Robinson,-0.302,0.48
0lqNstW27BvhHXn6sqyQhX,club,What Is Love,Various Artists,0.482,0.54
0wLqXnCLseMice1Hwq6yLz,club,Si No Te Quisiera,Juan Magán,0.548,0.738
6OGRM4MAOlyOdhHuX0OJ6P,club,A New Error,Moderat,-0.792,-0.078
0wYVNC09iLBVIqHB07Hckt,club,Ecstasy,ATB,0.814,0.756
6BivCuyKJtgLa9ooFsvUoZ,club,Flicker,Porter Robinson,0.094,0.426
3lZ6Oa8g1f9S05eFOt26E9,club,Barbra Streisand,Duck Sauce,-0.188,0.854
6kzLbNxsJidjc80Nw3uZVg,club,minipops 67 [120.2][source field mix],Aphex Twin,-0.748,0.66
5y1jZxXIpECpclpbA76zVm,club,Party Rock Anthem,LMFAO,-0.296,0.472
3DDxYAT7Nuj0tfkHICWYi3,club,Crying for No Reason,Katy B,-0.558,0.424
18yHxT4ZwGg6401pwwzAhJ,comedy,Googlephonics,Steve Martin,-0.724,0.452
2cv00jzOvrS8zXcXzGEGQu,comedy,Technology,Jeffrey Ross,-0.77,0.314
1ICf1jSEy2OaQEXFj1H5Lt,comedy,Hot Travel Tips,Todd Barry,-0.358,0.764
3QI9MKWG4APu2FyMoLerqo,comedy,King of the Night Time World,Kyle Kinane,-0.52,0.888
0YCpg6u2eo2FmIsqYmLTNl,comedy,Open Water,Ralphie May,-0.504,0.326
1cG9lukF0NNXTmcYJLmTS7,comedy,Pissed Off,Dane Cook,0.188,0.92
0ccVVZqPGcLThFL0NvfC0l,comedy,The Hierarchy Of Cookies,Gary Gulman,-0.014,0.756
6VLU6P4EQOoHc1Ww4Ca7cf,comedy,My Sister,Maria Bamford,0.43,0.362
0DBSA80o5OUsKMosiIL4Bg,comedy,Stupid In School - Live,Brian Regan,-0.426,0.036
4Z2uDO3EM6xHYvxslOddg6,comedy,Swedes,Amy Schumer,-0.298,0.902
7uPReljrrTaqzDCcx4JHmi,country,What Kinda Gone,Chris Cagle,0.336,0.722
73WWkaWkIRSP3MYGZ14aY4,country,More Girls Like You,Kip Moore,0.424,0.492
34SQ0QfLSR316d8KL2zkuZ,country,With You I Am,Cody Johnson,-0.224,0.32
5kCsIDXG306DriJZ2gViLt,country,Outlaw Women,"Hank Williams, Jr.",-0.592,-0.704
6nqvInlnaMzEzaw4s0zbee,country,Doin' Fine,Lauren Alaina,-0.088,0.504
2zye2YstssP0sUw0uRk6N3,country,Tailgate,RaeLynn,0.5,0.51
6FHXJu99aQAUnivEjPhuUR,country,I Cross My Heart - Pure Country Soundtrack Version,George Strait,-0.432,-0.116
3lZ3lSCRA5iaRdyzsx2t8Z,country,Summer Love,Ryan Upchurch,0.216,0.446
1mJ05BN0So26a14iib85aI,country,All I Want To Do,Sugarland,0.518,0.45
7kWeSMXLxUHHOkFxsS0vhP,country,Some Beach,Blake Shelton,0.928,0.53
2RpKh7kXSdO8NLrW9VQ46p,dance,Take Ü There (feat. Kiesza),Jack Ü,-0.764,0.758
5At2yOSUxWfMCuYvQOrvK4,dance,Musique - Original Mix,Purple Disco Machine,0.552,0.598
7zqfhCp6lB3hrKSrByoYjQ,dance,Runnin - Original Mix,Bollocks,0.266,0.46
1gihuPhrLraKYrJMAEONyc,dance,Feel So Close - Radio Edit,Calvin Harris,0.838,0.848
2Y3cUWZGxZW6iJ0Mq5CnfR,dance,Bax,Mosca,0.6,0.466
33ljHroCaIReVg7NTYEh4z,dance,Elouisa,The Swiss,0.534,0.646
15uFqHGAOvaGCqikvgiW6w,dance,Sleepless - Radio Edit,CAZZETTE,0.06,0.27
4QqlfK1yqd8A4hykzkqSIA,dance,Scud Books,Hudson Mohawke,0.1,0.016
7FT73l2HtoNb8jBtNMkx2h,dance,Chasing Ghosts - Radio Edit,Alex Preston,-0.25,0.58
04coyVwlPNfsK0icWUd1Lf,dance,We Don't Stop,Kaskade,0.132,0.65
1ts1zPbYEXIM97Kc83rby0,dancehall,Jah No Partial - feat. Flux Pavilion,Major Lazer,-0.248,0.964
3M4KIpQaBlBqKVAQG9IrSj,dancehall,What Will It Take,Various Artists,-0.006,-0.114
0LD41XeJmVnxrW4l8VV62g,dancehall,Whine,Various Artists,0.242,0.168
7zlIvDXAIn15WQoUiiAze7,dancehall,Money To Burn,Various Artists,0.896,0.25
5m3j8uwr46WzPrTNF3BfkS,dancehall,Up,Various Artists,0.796,0.184
5Zyao8ZBImKcqQDvSdMQcp,dancehall,Shake,Konshens,0.84,0.672
3Yf8sVkFXThHDtkqtSNbpZ,dancehall,Kukere,Iyanya,0.93,0.706
3Rlz0Bi9oDkA0gQr97JkRI,dancehall,Get Gal Anywhere,Vybz Kartel,0.736,0.7
7aZXSJCy1mrco0LIbAFxhQ,dancehall,Goodas,Various Artists,0.612,0.146
2zhQYE4dNZ2hsHKWwQChxh,dancehall,She Cant Wait,DJ Mums,0.872,0.776
1hMwDL1nsMRkn1WucDim7p,death-metal,Conquered By Sodom,Deicide,-0.65,0.914
1KFbAxV9AHHrq3UwVVovuZ,death-metal,Supreme Humanism Of Megalomania,Nile,-0.7,0.836
5IjTGUgCEUDw8t6wIVbmrg,death-metal,Needled 24 / 7,Children Of Bodom,-0.07,0.852
3y4rNRsujrYhAaVTyJ0DMd,death-metal,Never Say My Name,Vader,-0.844,0.958
5GdYxhRkVCIwRyZoVKjrvX,death-metal,Sinners Bleed,Entombed,-0.658,0.888
13ORo6nuNhNLniacmJVocI,death-metal,The Truth Above,Deicide,-0.8416,0.936
3azjJtSvvNniFZEjMZnRPb,death-metal,Nihility (Anti-Human Manifesto),Decapitated,-0.758,0.978
6jCQ5sTAAHiuPt5GTvTbaI,death-metal,Libation Unto the Shades Who Lurk In the Shadows of the Temple of Anhur,Nile,-0.9216,-0.817
66QwmGPVzRZRroovq8VpdG,death-metal,Torn To Pieces,Death,-0.296,0.78
1soUWkbzhyu69sPLlcsZbL,death-metal,At What Expense?,Dying Fetus,-0.254,0.72
0S2Po78nX3FMR8IqsfVD6d,deep-house,The Most Dangerous Game,Pleasurekraft,0.592,0.818
7uc3K1uyeBOSBJm6LuoI0Y,deep-house,Let's Go Back (feat. Romanthony) - Solomun Remix,Kraak & Smaak,0.224,-0.074
7hrDA2n8BVGLyHra0rBiFd,deep-house,Younger - Kygo Remix,Seinabo Sey,0.29,-0.022
1ftxcGZY7JCP3mS5gVDtg8,deep-house,November Rain - Mario Basanov Remix,Matthias Meyer,0.45,0.856
4whruKKZSufMiyIycmp63y,deep-house,People Say - Nic Fanciulli Remix,Paolo Rocco,0.294,0.976
6a9MKm9Q03tVUjj0AeeqCx,deep-house,You Are My Summer (feat. Coleman Hell & Jayme),La+ch,-0.252,0.124
7GB6SYthRqQmFk8gU36J1T,deep-house,Jeepah,Westpark Unit,-0.198,0.882
5ALIJpJJHjy2rO6SWK26Ea,deep-house,New Hateration - MK Remix,Louie Fresco,0.93,0.134
2Z5E6zwhYhjnpEB1LnoNSj,deep-house,Subtil,Joris Delacroix,-0.356,0.374
1LwEXbnlwHkEm7rVJF8Sp9,deep-house,Nightingale - Gorgon City Remix,Clean Bandit,-0.24,0.626
0Tm8fZFRQxPrRlxRASfWaR,detroit-techno,Follow Your Heart,Inner City,0.21,0.736
5rExSHe2iwMT7gbyEaKEQI,detroit-techno,Ghana,The Detroit Escalator Co.,-0.452,-0.41
4ZKpnuAkhPB2HDcZ0UbD2G,detroit-techno,Spin,Juan Atkins,-0.318,0.08
15cisbnZrowZBhJBdKugk6,detroit-techno,The Setup,Moodymann,-0.272,0.274
1JSkmlzKf7nmdMA2i6HeTJ,detroit-techno,R-9,Cybotron,0.28,0.74
1oBgxTQOknTnmdnawCgSMB,detroit-techno,EDLX Tool - Chris Liebing Edit,Various Artists,-0.9372,0.214
7ExPnkBynC04G5isQJCojV,detroit-techno,Infinite Density (Edit),Arpanet,-0.558,0.836
6vdtNDtjhtma9d8FU2w23A,detroit-techno,"Here, There & Nowhere",Anthony Shakir,-0.664,0.096
4UrL3nGq4CThA3p46viMHV,detroit-techno,Ovokx,Plastikman,-0.9636,0.958
1HcAjMdY4yLNK8wOzCtQJy,detroit-techno,As Time Goes By (Sitting Under A Tree),Carl Craig,0.05,-0.354
7Lxft7xjXOPHFZUs2Qq7ma,disco,I Like It,Enrique Iglesias,0.568,0.866
6UaRii9AH6Zss9xNMEQ2M9,disco,Love The Way You Lie,Eminem,0.276,0.844
5vykEbQzN5BnF57Pt3zR0A,disco,Brick House,Commodores,0.35,0.784
7s25THrKz86DM225dOYwnr,disco,Respect,Aretha Franklin,0.93,0.116
3Zuf70897YkrVRAsrBMMSF,disco,"You're The One That I Want - From ""Grease"" Original Motion Picture Soundtrack",Various Artists,0.548,0.506
4msPRe3NEDVL6dsBcE7AhL,disco,Get Down Tonight,KC & The Sunshine Band,0.812,0.508
4wZOmbYApgoF2zD9IHznDD,disco,Voulez-Vous,ABBA,0.768,0.724
1Hfm2cnD1jjv1Fl7tBGTQW,disco,Bad Girls,Donna Summer,0.936,0.222
7rHAd5tANXfWBgVuBDdJhS,disco,Get Back (Asap),Alexandra Stan,0.438,0.828
67awxiNHNyjMXhVgsHuIrs,disco,Turn Down for What,DJ Snake,-0.837,0.598
1IKeuayT6d6vTjOXTk4SN5,disney,"Main Title - Dumbo - From ""Dumbo""/Score",Various Artists,0.452,0.456
6kuINw8lm8PxREGURTuRif,disney,The Explorer Motel,Michael Giacchino,-0.933,-0.9196
5k3U0OGYBccHdKJJu3HrUN,disney,"Hakuna Matata - From ""The Lion King""/Soundtrack",Various Artists,0.45,-0.374
20GJ94KHYugkULE81t7t4e,disney,"Someone's Waiting for You - From ""The Rescuers""/Soundtrack Version",Various Artists,-0.664,-0.718
1ruSlVBQKUmNIuZokdeL9g,disney,"Savages - Pt. 2 - From ""Pocahontas""/Soundtrack Version",Various Artists,-0.388,-0.468
1rgitjWzW0DP2CDrJns5MK,disney,Rumor Has It / Hangman's Tree,Various Artists,-0.44,-0.8146
1p71gtNQ7bolivNnzmNGAu,disney,"If I Didn't Have You - From ""Monsters, Inc.""",Various Artists,0.22,-0.036
5yyqx4brn6Bm9U1Rj9ENnz,disney,"Touch The Sky - From ""Brave""/Soundtrack",Various Artists,-0.34,0.282
1xQBlIIAZZtekq4pyCp2Lw,disney,"Friends on the Other Side - From ""The Princess and the Frog"" / Soundtrack Version",Various Artists,-0.244,0.244
3wjgPeXocinhLyPL37p70e,disney,A Girl Worth Fighting For,Mulan - Cast,0.698,-0.3
6BWG3qu8sgJKy8GEz2a1ao,drum-and-bass,Light In The Dark (feat. Terri Walker),SpectraSoul,-0.654,0.142
2unNClb19sSbB2nLOASGTh,drum-and-bass,Failsafe,Danny Byrd,-0.196,0.942
156oozyC0SdsnMrNnvMQQ1,drum-and-bass,Omen,The Prodigy,0.058,0.908
6Nsbu2QgT2RR5Q1RZTOkfs,drum-and-bass,Climax,Camo & Krooked,-0.8732,0.698
6I9sncEmtGc9rpKyb8U1f8,drum-and-bass,Kill EVERYBODY,Skrillex,0.258,0.748
02ctU8GqjieCYt5FsQkKAW,drum-and-bass,Friendly Intentions,Noisia,0.056,0.784
2cxfoVfIzlwgm3uU00sX9m,drum-and-bass,Fighter,Various Artists,-0.622,0.89
4rs8oDGCdkvD8Yj77fJaF4,drum-and-bass,Irresistable - Original Mix,Indivision,-0.778,0.786
6ZaDATnn6oFgzC2MNB3TXo,drum-and-bass,Paradise,Various Artists,-0.166,0.592
0GrPvrBGrxwrU7rjlwYZiH,drum-and-bass,My Sunset - Original Mix,Feint,-0.354,0.95
3ljB23GWqz8h5c4rAIUkL2,dub,Diamonds - Jacob Plant Dubstep Remix,Rihanna,-0.9288,0.39
7KazEQIkD1ve7KL10Ah82X,dub,Seventeen (Skrillex AKA Sonny Moore Remix),Casxio,-0.004,0.566
3GC3xIxWImpR7dfv2F81ze,dub,Greyhound,Swedish House Mafia,0.104,0.612
2bRXehD283NioREYxlohc4,dub,Lights - Single Version,Ellie Goulding,0.56,0.59
5xFC7TVrn3pjnnBLWUDI7I,dub,Need You,Datsik,-0.642,0.86
50UW8KSME0dWKz2wwFftdL,dub,Star - Doctor P Remix,Blame,-0.472,0.946
3U5aILXwgt4VrTr1ta1AAm,dub,Tommy's Theme - Original Mix,Noisia,-0.618,0.454
78kbjzM5qs80tL56OJRefz,dub,Try It Out - Neon Mix,Skrillex,-0.67,0.886
6MvnaaOcD1pP19CegzGyII,dub,Dubstep Master Killer,Various Artists,0.686,0.78
2tW2Kn1IGFFVfRVnQE2UaQ,dub,In My Mind (feat. Georgi Kay) - Axwell Radio Edit,Ivan Gough,-0.248,0.662
7uEmsbSs9Omj2ddCqJdWss,dubstep,Ingen Anden Drøm - Radio Edit,Pegboard Nerds,-0.774,0.734
5MhqNNZnkamSpD55bx7r6n,dubstep,Like a Boss,Eptic,0.27,0.84
3A2RiMfyOrRgezvBR4i1vX,dubstep,Time,Chase & Status,-0.12,0.838
3NpICsYJo3JkBia9Dj5noT,dubstep,Kiss My Lips (feat. Dev),Borgore,0.192,0.85
0g6s1NJOe3Z1ADDPTVhaax,dubstep,Rise & Fall (Krewella Remix) (feat. Krewella),Adventure Club,-0.662,0.91
5brviRvO3ZIDvdF0dED9wC,dubstep,Bad Wings,The Glitch Mob,-0.53,0.368
457p7UH7hoHrbA2iI4PSCA,dubstep,Live for the Night,Krewella,0.066,0.686
2ATebzY0haor67cMJCA0IQ,dubstep,God's Calling - Bassex Remix,The Noisy Freaks,-0.9006,0.604
3VXwt1ijqDzuYo9Xho8tBx,dubstep,Antidote - Knife Party Dub,Swedish House Mafia,-0.218,0.672
7IaecDGUsRDMlQ8fS2seW6,edm,Sky High,Big Gigantic,-0.182,0.628
08Erw82oA0xZUnSMOxNvN7,edm,We Were Gods (feat. Urban Cone & Lucas Nord) - Radio Edit,John Dahlbäck,0.01,0.604
6dfXwa0dI1sBm4CIePuOYM,edm,Levels,Avicii,-0.296,0.668
2AMoQ7iQf2Bg9qbCHEjkdv,edm,Interlude,Attack Attack!,-0.642,0.868
1U3oH5CRRcjT5TT69b6eYl,edm,Chimes,Hudson Mohawke,0.084,0.386
1ebiFSKKdo5aEa8y2QzQqy,edm,I'm Home,Various Artists,-0.356,0.32
7yzXK13nRm2fDTCPi9RjAu,edm,Bouncer - Original Mix,Showtek,-0.378,0.796
2r5nMKhtXqHF44qOn2nBW6,edm,Go Tell Them,Benga,-0.258,0.346
0IybRjoZcqzZhOHIIhJ1vU,edm,Doomsday Machine,Far Too Loud,-0.102,0.866
6uQ192yNyZ4W8yoaL0Sb9p,edm,Sugar High,Approaching Nirvana,-0.064,-0.29
4qdNMbkwsOTlfOeLZzhFVd,electro,The Mojo Radio Gang (Radioversion),Parov Stelar,-0.422,0.624
66AADCQleKFptE881xEFTJ,electro,I Rave You - Original Mix,Basto,0.222,0.9
1sVXthKdGAnoZoFGWmL1bg,electro,Cobra - Official Energy Anthem 2012,Hardwell,-0.414,0.846
7HsBPZz9DNjSoknVFsOwAh,electro,Bootie in Your Face - No Rock Drop,Deorro,-0.186,0.876
14epucTZd8dLIYipdByNZS,electro,Antidote - Extended,Swedish House Mafia,0.26,0.642
073fF1emyPimAvWLWbHSpY,electro,Thunder - Radio Mix,W&W,-0.678,0.758
4IWLawtdMznqdOnbOR9cWW,electro,Legacy - Radio Edit,Nicky Romero,-0.562,0.412
666elemQTQGi8xbjAAdIgB,electro,Waiting All Night (feat. Ella Eyre),Rudimental,-0.438,0.456
2c9lhIne48A8RH9fpEXFlj,electro,FML,deadmau5,-0.798,0.69
3ONL7uf1GN8FewlmIjy1uv,electro,Paris (Aeroplane Remix),Friendly Fires,-0.078,0.4
4qPnE8jBZN3wmgGxspsOcP,electronic,Boneless,Steve Aoki,0.286,0.924
6w2A10HCO5nhBCaNLk4aS2,electronic,Trumpsta - Djuro Remix,Contiez,-0.598,0.178
31TB0tG8ISjXN5DOSKHVAd,electronic,Let it Go,Dragonette,0.412,0.902
5cNAXdmcLBckABGuNhxE37,electronic,Get Low,Dillon Francis,0.502,0.866
2073QOEC8rBtSyTsRyaWiP,electronic,I Can Change,LCD Soundsystem,0.39,0.46
0DepLw9l3tuLbEBmjz7Di4,electronic,Blinding Light,Jethro Fox,-0.37,0.36
1kUmkp42FTNSl5bZmjj5Xq,electronic,I'm a Mess,Body Language,0.544,0.184
4woQ1mc7PzrQ39j0asLJrf,electronic,On'n'On,Justice,0.084,0.202
3IO4NO0T0kkeO3r6K5jXrT,electronic,The Flower Lane,Ducktails,-0.01,0.098
6RaDGB3rRKUmiGfl6VNQJH,electronic,Nandaya [Mix Cut] - Original Mix,Various Artists,0.166,0.87
2ds9vlk6o6BRCc2FAkmOvX,emo,Beat It,Fall Out Boy,0.682,0.872
4fmqkdu2h52b7pDNQWeiOM,emo,Good to Know That If I Ever Need Attention,Brand New,-0.758,0.884
0UZwcRQAk4QR09HtGRZhYC,emo,Closer To The Edge,Thirty Seconds To Mars,-0.796,0.896
528rajP3OyhornDwrsQrt4,emo,Listening,The Used,-0.184,0.814
7dhyG5sdLYlvR7uwDKa1fH,emo,Up And Go,The Starting Line,-0.06,0.652
7tCnwq0Fy85y1tWktmXQ7u,emo,Miracle,Paramore,0.122,0.776
1tT1tIZAINzFZyjoPKtg7C,emo,Dammit,Various Artists,-0.426,0.95
4DpX92kIjpIjNL8KOUxQi0,emo,Several Ways To Die Trying,Dashboard Confessional,-0.424,0.37
18HtrVceFUqG9aukMZN2et,emo,"Dear Maria, Count Me In",All Time Low,0.138,0.792
6VNjaZmWzm0aRXeBE1B5mM,emo,For Sure,American Football,-0.782,-0.046
6c9t15M38cWxyt3uLnLfD8,folk,Santa Fe,Beirut,0.918,0.342
5nDYaDVTKp1SYW3sgFrdO1,folk,Hustle,Tunng,0.85,0.326
3tLyNOtAGnYvWk1NsyiIhQ,folk,Criminals,The Tallest Man On Earth,-0.176,-0.172
0MthmAzuR8ymZlODd7pH8X,folk,What You're Thinking (feat. Josh Pyke),Passenger,0.014,-0.232
4BSO2gPSFdjz2ZKc9OTh0N,folk,Hannah,Ray LaMontagne,-0.364,-0.508
2QHpEv381Xb177J3dpNRF5,folk,Hold On,Tom Waits,0.314,-0.516
7EiQMYuqJVyw90GXUoOCmY,folk,Needle In The Hay,Elliott Smith,-0.338,-0.618
6A6qFP92r7f9s2WLMoyZeJ,folk,Twilight Tavern,Ensiferum,-0.63,0.986
5b7JUVO3dr2jw9NVIY7PXw,folk,Darling Divine,Wild Child,-0.548,-0.316
33gHvO5eLnhxKHgGDu6xu9,folk,Ain't No Grave,Crooked Still,0.668,0.092
3TnwxFKrsFtZ3FeAJMnj60,forro,Tum Tum Tum Apaixonado,Various Artists,0.886,0.83
28DvPMQLZNShD2hDFuLu4N,forro,Chamego Bom,Trio Virgulino,0.722,0.204
4KPVEAaZAbLfDccAaNPTzH,forro,Tô Tentando,Forró do Muido,0.156,0.642
2PmcijVARmgyOcVbtZNsad,forro,Ai Se Eu Te Pego,Banda Garota Safada,0.564,0.914
6aCKJfo3Hd1QHDa2jyLFiD,forro,Minha Gata,Falamansa,0.646,0.064
3oFi823YwnvOlHNalaE94o,forro,Chegou A Hora Da Fogueira / Pula A Fogueira - Medley,Forroçacana,0.93,0.208
69d1rgPZaGRLJQ5PHdnoid,forro,Querer Bem,Trio Virgulino,0.69,0.272
7J3l8kzycdluePAQ8NAQ3e,forro,Quando a Noite Chegar,Limão Com Mel,-0.174,0.474
5VqRGZFLeHSmZzCwZe8TJv,forro,Forró de Sangue Novo,Various Artists,0.9,0.844
57FQHeyEsgTzoU3cWcixMA,forro,Sou Brabo,Banda Garota Safada,0.59,0.886
7dIEyLSqnRmd2szxzqYAp6,french,Le plat pays,Jacques Brel,-0.378,-0.616
6sn7zCqptRm5JMz9olKqST,french,Dernière danse,Indila,-0.464,-0.086
2zcA12hbY14keqQIlaPAQY,french,Moi... Lolita - Single Version,Alizée,0.154,0.682
2KjJhGtseXQBI5Cg6ZZdc9,french,Ce jeu,Yelle,0.422,0.332
340LXPtDKBg7SSSKr4jUxM,french,Le Vieux piano,Édith Piaf,-0.5,-0.6
3808VIC5Wvhpt8szo3IyI6,french,Le Petit Cheval,Georges Brassens,0.37,-0.644
2r0XjZHB0kKlC04iS1ZwZx,french,"Fais pas ci, fais pas ça",Jacques Dutronc,0.552,0.466
7ebyGGBvIus0ZgdbzcXweL,french,Les hommes que j'aime,La Rue Kétanou,0.878,0.312
75JhYiJGVEaIO4sp6bsX4I,french,"Dis, quand reviendras-tu ?",Barbara,-0.344,-0.57
5lFMiAVZFUaJeCdL9fIQD9,french,Hélène,Roch Voisine,-0.618,-0.054
0nyrltZrQGAJMBZc1bYvuQ,funk,Get Up Offa That Thing,James Brown,0.6,0.328
6HZKlK1mDDBsILMoNNncxL,funk,I Want Your Love,CHIC,0.874,0.446
13v3siPyvy5TTEZYmGPPse,funk,Give It To Me Baby,Rick James,0.93,0.454
01gDLZsi0j5fWC28FLPNO8,funk,Move on Up - Extended Version,Curtis Mayfield,0.752,0.95
3z8kox8O9CTOPJOtgK6Xan,funk,Work to Do,Average White Band,0.712,0.834
3F0ciwEhXa4ExmJIkBJmkJ,funk,Think (About It),Various Artists,0.43,0.216
2fEdBCtMRLHJ53fB7hQVpR,funk,Soul With A Capital 'S',Tower Of Power,0.63,0.944
3pInAc8KCHwv0kEEiamZtu,funk,Working Woman,Gizelle Smith,0.75,0.894
26FOglnpqOEWUyspcbNYq6,funk,Got to Be Real - Single Version,Cheryl Lynn,0.772,0.198
4uDPo1KjluMUZ6F15zp4n9,funk,Dance Wit Me,Rufus & Chaka Khan,0.82,0.472
1wap9wHVL6wzhmQOuyhwMH,garage,White Noise,Disclosure,0.804,0.688
1hvXfgrFC8oVgBiD0qwpKJ,garage,Ride The Lightning,Metallica,-0.518,0.924
6QG3s7owEeFtWFjgFVGDEK,garage,Crack In Your Eye,Thee Oh Sees,-0.08,0.852
14a38cEe879OCQuyNreUnr,garage,Oh It's Such A Shame,Jay Reatard,-0.07,0.946
1fIZzCIwKKGBRDkLA8VukW,garage,LK,DJ Marky,0.93,0.872
7oK9VyNzrYvRFo7nQEYkWN,garage,Mr. Brightside,The Killers,-0.536,0.848
0Zx5fEgwEjyljQsuZYPYj8,garage,Blackened,Metallica,-0.034,0.604
4cmQWMXIyKVsZ6Xv4OJhLJ,garage,Wait for the Man,FIDLAR,-0.63,0.804
2wg09UvwEDh5zOz08DNbAZ,garage,Bug,Wavves,-0.782,0.944
40IREyaasjQ1h3oBg4ZcCT,garage,There You Go - Sovereign Remix,Various Artists,0.928,0.718
0oWwNoiVMMdfuYAffdlzQU,german,Eiszeit,Various Artists,0.398,0.754
6YW2VVcRPJH2GEVPwhQAjf,german,Hello Again - Remastered 2001,Howard Carpendale,0.348,0.19
6oZuFxtKH8bDqdmIqHTaOI,german,Meine Jordans,Sido,0.204,0.618
5YXI1M3ZpgxgXwpMvfHAMN,german,Liebesbrief,Thomas D,0.018,0.3
5la3Ns6Kijy768nRHOvpCL,german,Wenn jetzt Sommer wär,Pohlmann.,0.08,0.058
6b2vkaiDawOcupyDxNNCba,german,Dancehall Caballeros,Seeed,-0.014,0.254
65g0lR6MukyJYkHSixITFk,german,Einstürzen Neubauen,Max Herre,0.59,0.592
3MgBuZMqKF4k0LjZniiwkh,german,Schlechtes Vorbild (Original),Sido,0.896,0.17
5i7Vrqs6fmkQH3ta6aOl6j,german,Ma Chérie - Feat. The Beat Shakers-Radio Edit,DJ Antoine,0.038,0.362
1OXXHjF3kthTy3eisKMvUc,german,Das Spiel,Annett Louisan,0.508,-0.082
0iGlLisQgS0fbeKdPl2Fde,gospel,God Great God,Kurt Carr,-0.068,0.934
4LcBjvjfU8RHdoO2ExlbDH,gospel,Lord Of All (feat. Hezekiah Walker),JJ Hairston,-0.042,0.88
07nv6M8pDLGNZoNpwp2RRD,gospel,Stomp,Kirk Franklin,0.464,0.836
5ynNcpoP7dHWyCw6LGKaGF,gospel,I Trust You,James Fortune,-0.574,0.372
1uR3lbQYM30WYKiA09cehY,gospel,I Need You,Tye Tribbett,-0.811,0.252
5tYW3SKDcVxINrb7KOOb43,gospel,Yes You Can,Donnie McClurkin,0.728,0.628
7ijW7FjdDosT0v0PZTNHqG,gospel,I Choose To Worship,Wess Morgan,-0.548,-0.078
4DUdzvQnMKDi4A8KFfNN5h,gospel,"Anthem Of Praise (with Vision) - (Psalms 150:3-6, Psalms 34:3)",Richard Smallwood,0.082,0.428
2HHvkwaJzxrkQ3fbP6hBDZ,gospel,In Christ Alone,Various Artists,-0.564,-0.048
5j5wqAdGVJNSLSYFTcQUSM,gospel,Standing On The Rock,Marvin Sapp,0.422,0.894
3TkPafgeiDHCgU5j8YCzuJ,goth,End of the Dream,Evanescence,-0.342,0.912
1d1PVbqcGYWT2IHNuBLYgd,goth,Who I Am,After Forever,-0.614,0.802
2leE7gGtgcclQ3Yh9jg21S,goth,Say My Name,Within Temptation,-0.614,-0.014
5WKJ9cG2HTSDAay4Ig8728,goth,A Means to an End - 2007 Remaster,Joy Division,0.504,0.572
69JnEQF6OCntGndij5BTlq,goth,Venus,Theatre Of Tragedy,-0.478,0.246
455cBnByDc4CHULScqopo5,goth,Sitra Ahra,Therion,-0.3,0.48
6QQ0Vb9qOFLp7OxgnueYmS,goth,A God in an Alcove,Bauhaus,-0.472,0.398
0Cdp9QsQP2gxZ7pYmPfXzy,goth,Fragile,Lacuna Coil,-0.69,0.578
4JaGzRAZdv6Qj3qGbpKxAp,goth,Die Alive,Tarja,-0.272,0.938
1fu9PYX2s4odp7hGughNPI,goth,Go Away,Delain,-0.528,0.868
5K5uedKAuCWfXQsRx9ojm9,grindcore,Maggots,Rotten Sound,-0.918,0.634
6MChOMxPtyDjDt7LZ4ePYO,grindcore,Regurgitation of Giblets,Carcass,-0.8432,0.826
4hPBRx41EBW7hczwDAjZIv,grindcore,Killing With Kindness,Napalm Death,-0.47,0.892
2fCvdQYCOJgdGvd46lnkEC,grindcore,Bitch's Handbag Full of Money,Agoraphobic Nosebleed,-0.9512,0.996
3jQjcN9w5vyIKelpG48FZL,grindcore,Loathsome,Pig Destroyer,-0.928,0.994
4ilCHrHGlfyJ6zhwNPRJJ0,grindcore,Plagued By The System,Phobia,-0.036,0.894
6v7RsJpS80c21olZ36sUgT,grindcore,Theme From Three's Company,Anal Cunt,-0.836,0.988
7rdk62TDoB1NbWlLW8kEOf,grindcore,Glimpse Into Genocide,Napalm Death,-0.8394,0.958
7gIiu2RnZHc68BupSI2Y9K,grindcore,Walking Corpse,Brutal Truth,-0.9026,0.876
3c0zGJJqC8Gy9TSBtVUZWl,grindcore,Human Trafficking,Insect Warfare,-0.933,0.994
34kNeqnJJqO4wDiEJdQhxo,groove,Cruel Summer,Bananarama,0.852,0.656
5tMHL3jkrbSIuJwwggTdC1,groove,These Arms of Mine,Otis Redding,0.422,-0.428
5xl5582IihbEZAnfj0xyso,groove,Straight Up,Paula Abdul,0.524,0.652
3Ap3G7vXDGgMJFOkdbmRNJ,groove,Gloria,Various Artists,0.75,0.732
51H2y6YrNNXcy3dfc3qSbA,groove,When Doves Cry,Prince,0.68,0.978
1qCZWsYD9qDqEzFboaP83p,groove,I Believe I Can Fly,R. Kelly,-0.9118,-0.122
5RXrCgoku7rnTX6cbGuT3E,groove,You Spin Me Round (Like a Record),Various Artists,0.834,0.926
4dZmdoJCONSV4AhvebiSKk,groove,Under The Boardwalk,The Drifters,0.434,0.404
79yCIveJbH2C8hJjD2BnTQ,groove,Superstition,Stevie Wonder,0.71,0.55
3gsCAGsWr6pUm1Vy7CPPob,groove,Killing Me Softly With His Song,Roberta Flack,-0.34,-0.238
1rh2wONUUCatrLGWeEQmUL,grunge,Mrs. Butterworth - 1988 Rehearsal,Nirvana,0.206,0.588
1YZDkJOFT8xlAXDi8lneb3,grunge,Gouge Away,Pixies,-0.006,-0.186
76aadnUFFANRNDs6L3aqxw,grunge,Through Glass,Stone Sour,-0.132,0.506
23YZ38T4GxsuO32hfjIoRU,grunge,Stargazer,Mother Love Bone,-0.5,0.094
33tvIvt3MUGa2aSiwZ8Eeh,grunge,Press Play,Stone Temple Pilots,0.404,-0.01
2I0r4awu38uuWfpEuH35mH,grunge,Porcelina Of The Vast Oceans - Remastered 2012,The Smashing Pumpkins,-0.8998,-0.116
49bevaienMhf4Wg7yixHla,grunge,The Rose,Mudhoney,-0.792,0.872
4Dz0U7qR4GxIZAOGGEPuTf,grunge,What You Are,Audioslave,-0.028,0.374
53W0AL4qdOb5IpCxJM4AdE,grunge,Red Mosquito,Pearl Jam,-0.296,0.476
53aEW0x7F1ub0gOsDSxiBF,grunge,Over Now - Unplugged,Alice In Chains,-0.5,0.122
5wtpP7Of5ZGSawo6Lua56C,guitar,The Friend I Never Met,Andy McKee,0.018,-0.036
0B6uxTg34PpMBFhA4fKsAU,guitar,Fury Of The Storm,DragonForce,-0.606,0.822
4a7Xu1edRTAGhjScmeGsUF,guitar,Badge,Cream,0.46,0.356
451GvHwY99NKV4zdKPRWmv,guitar,Banana Pancakes,Jack Johnson,0.23,-0.25
3yP0cohcr97BUNJcgvmSVg,guitar,The Passenger,Iggy Pop,0.476,0.692
77NNZQSqzLNqh2A9JhLRkg,guitar,Don't Stop Believin',Journey,-0.056,0.604
74EV0g12ihUoOUXMprFpZB,guitar,Losing My Religion,R.E.M.,0.64,0.682
0BCPKOYdS2jbQ8iyB56Zns,guitar,Clocks,Coldplay,-0.49,0.498
3B7udSGy2PfgoCniMSb523,guitar,"I See Fire - From ""The Hobbit - The Desolation Of Smaug""",Howard Shore,-0.532,-0.8902
12qZHAeOyTf93YAWvGDTat,guitar,All The Small Things,blink-182,0.424,0.786
6shRGWCtBUOPFLFTTqXZIC,happy,Upside Down,Jack Johnson,0.3,0.31
3dw0A0cbqT6Oy2V8KfGwIT,happy,Tiptoe,Imagine Dragons,-0.5,0.64
7psPPGwhFzP3pyOcb3ivcT,happy,Unbelievers,Vampire Weekend,0.662,0.622
13P5rwmk2EsoFRIz9UCeh9,happy,Cool Kids,Echosmith,0.572,0.342
14fmbvjYLqRZEXz1VZdM2M,happy,We Found Love,Rihanna,0.218,0.48
7I67h6FgRenMQ90URnoycZ,happy,Wild Heart,The Vamps,0.556,0.804
5iSEsR6NKjlC9SrIJkyL3k,happy,Pursuit Of Happiness (Nightmare),Kid Cudi,-0.468,0.21
1CTk4S81KFFsxiBSvgvsuI,happy,Something I Need,OneRepublic,0.306,0.172
4HRa9ZWcmZ8JD7UySPu0wT,happy,Don't Stop (Color on the Walls),Foster The People,0.58,0.896
4Sqc0kPuZpfI0T2TZBu8JT,happy,Grace Kelly,MIKA,0.392,0.648
1RmNFpG3SZ1NDly15RX5tQ,hard-rock,Bye Bye Beautiful,Nightwish,-0.222,0.76
7txxAtOMwLLnQTpKeBL6bp,hard-rock,Mother,Danzig,-0.316,0.526
1IBk5PttmnPcGnysEwtiXi,hard-rock,Simple Man,Lynyrd Skynyrd,-0.17,0.512
2SUpC3UgKwLVOS2FtZif9N,hard-rock,Carry on Wayward Son,Kansas,0.586,0.576
3w2GGz0HjIu9OcWXINRFJR,hard-rock,Rock and Roll - 1990 Remaster,Led Zeppelin,0.796,0.79
0EYtFwA4BA0uoozzCGqKjd,hard-rock,Ace of Spades,Motörhead,-0.582,0.98
7JTgkvvuAU9XW8IEuBF6qq,hard-rock,Rainbow,Robert Plant,-0.4,0.046
27BiHcQDEkxVn69zy1t3Es,hard-rock,Barracuda,Heart,0.2,0.852
4rPZyXQYxuAltz75OgG8oR,hard-rock,I Was Made For Lovin' You,KISS,0.76,0.772
0vnZpC6zUiSCsiuW0NBNk4,hard-rock,Magic Carpet Ride,Various Artists,0.552,0.604
0RJoq9dGDz9WBNeXYBPRrm,hardcore,Explode,Trash Talk,-0.688,0.972
1or83EqbphzyKM1ECpIqg9,hardcore,When Ya Get Drafted,Dead Kennedys,0.794,0.864
0iaFyLheLTw1t7vcD53ywt,hardcore,No More,Youth Of Today,-0.526,0.69
0v6Ho2YM7QQ7QaaZSnLwyJ,hardcore,Shed Reading (Rattus Norvegicus),Black Flag,-0.248,-0.538
0pwF4WOZdvnXpSwBZXp1iA,hardcore,How Will I Laugh Tomorrow,Suicidal Tendencies,0.088,0.606
2C3q8kElxfujYlrC5mJ8R1,hardcore,High Hopes,Gorilla Biscuits,-0.312,0.462
1ULIj8hobg9YMpKXbh4P9E,hardcore,For the Punx,The Casualties,-0.936,0.998
71nX3kc6hapk7bsDamNAJN,hardcore,It's My Life,Various Artists,0.116,0.936
0P1ZgzaNDz9TmFC5obILxP,hardcore,Hollywood Babylon,Misfits,0.264,0.85
6iT13wghlJOnq2Yacam5wo,hardcore,Coup d'Etat,Refused,0.184,0.896
2KQo1nEPiGeSAX1ICuuKbG,hardstyle,Let It Rain - Original Edit,The Pitcher,-0.656,0.72
4GHNL57Yh8TCEho6BWEawn,hardstyle,Death Of A Demon - Original Mix,Frontliner,-0.582,0.868
5l5bkVA2f7zkk7UeTxZds9,hardstyle,The Cold Angel - Original,Various Artists,-0.39,0.956
42TYZhTR2HAjLKJozPhiSp,hardstyle,Bella Nova - Edit,Various Artists,-0.144,0.918
1ZPHqVLcYzUHp3Bqq3MDXM,hardstyle,The Depths Of Despair (Official Masters Of Hardcore Anthem),Various Artists,-0.41,0.876
4p9wpml0t7lfWWO49g9bA5,hardstyle,Save Your Scrap For Victory (Defqon.1 Australia Anthem 2010),Headhunterz,-0.472,0.798
6UBL7IEbXn5fRsQ182I4UJ,hardstyle,The Bottle (Showtek Rmx) - CD Version,D-Block & S-te-Fan,-0.9216,0.668
74Jbxlz3XiXOnyHqIa3kk1,hardstyle,Become The Sky - Original Mix,B-Front,-0.616,0.986
7IxUuufWedxhzXbe5j5u3I,hardstyle,Dreamer,Various Artists,0.342,0.948
2KX183bq92JeYtcumjcbsZ,hardstyle,The Theme (Noisecontrollers Radio Edit),Various Artists,-0.14,0.88
7GmyHSiCbWEreE4dQCMDtm,heavy-metal,Phoenix,Satyricon,-0.538,0.464
0I8heLJP9YJqTg5308qKEz,heavy-metal,Phoenix,Veil Of Maya,-0.788,0.982
7vyLnYlNrQR9ZVJEZto0qZ,heavy-metal,The Arcturian Sign,Arcturus,-0.602,0.744
1vGbYnzRxEyiWfThBssuzx,heavy-metal,Distortion Sleep,Soilwork,-0.306,0.898
4FZoFK86X6Wd1csU9afTIA,heavy-metal,Your Treachery Will Die WIth You,Dying Fetus,-0.258,0.758
7guak4whUYm1NWQhFaA1GL,heavy-metal,Dark Chest Of Wonders,Nightwish,-0.02,0.758
2Uxh6Vjw0GJgmnV2GW9N5y,heavy-metal,In Hell Is Where She Waits for Me,The Black Dahlia Murder,-0.9272,0.998
6FpoNoEYBYNLue4Fr6FNRX,heavy-metal,Shipwrecked,Alestorm,0.236,0.952
62hzJcOwMg68h6wBimZALA,heavy-metal,Lashed To the Slave Stick,Nile,-0.588,0.806
2gscB6kDOmrv1P6qs2KXE3,heavy-metal,Wait and Bleed,Slipknot,-0.346,0.992
2UciqgwVDwro0fev3MFbxJ,hip-hop,ATM,J. Cole,-0.298,-0.004
4xBjsLUSjcx2h7PcRikpQp,hip-hop,OMG (feat. Quavo),Camila Cabello,-0.666,0.152
60KWmDnLE9jB9dHVkhlu3P,hip-hop,Just Another Case,Cru,0.456,0.11
4scpF6J5uMBvoh6sFB7EL1,hip-hop,No Type,Rae Sremmurd,-0.522,-0.028
5K5dQsYdSdo2LKdepxbYAd,hip-hop,Gettin' It (feat. Parliament Funkadelic),Too $hort,0.294,-0.18
3AYcyxEACnmE6d96RPubID,hip-hop,Thrift Shop (feat. Wanz),Macklemore & Ryan Lewis,0.324,0.052
6KMoKU9mRNthObqYAMrXnD,hip-hop,Jus Lyke Compton,DJ Quik,0.304,0.624
6Poyf51k7W3NKnsGwAI90B,hip-hop,Barbie Dreams,Nicki Minaj,0.4,0.574
51rXHuKN8Loc4sUlKPODgH,hip-hop,"King's Dead (with Kendrick Lamar, Future & James Blake)",Jay Rock,-0.248,0.41
4hrae8atte6cRlSC9a7VCO,hip-hop,Always On Time,Ja Rule,0.678,0.412
32gzkUxkXi6YuNnA1t3yy7,holidays,Ave Maria,Barbra Streisand,-0.8942,-0.434
0elny2KD7nfZYLlWtWEgmZ,holidays,I Saw Mommy Kissing Santa Claus,Jimmy Boyd,-0.104,-0.536
7s3ftDsftFoLZcl3mkyLhh,holidays,I've Got My Love to Keep Me Warm,Various Artists,0.03,-0.472
6B353TR2lbkBvd45gLbSn6,holidays,,,-0.304,-0.42
1BH7G41u0fSCiVr13cP8W5,holidays,Never Do a Tango with an Eskimo,Alma Cogan,0.924,-0.098
1NMXpNiGmkEf82flFe9c5x,holidays,Sleigh Ride,Ella Fitzgerald,0.352,-0.432
5sJCo0dvlKZhPHcj9FpG3b,holidays,Silver Bells - Remastered 1993,Various Artists,-0.016,-0.622
5V7bRe4nxihVqOHj81xZ1k,holidays,The Lord's Prayer,Various Artists,-0.69,-0.724
5MzVXm6dDiiXjMPUm7Utg6,holidays,Walkin' in a Winter Wonderland,The Four Freshmen,-0.082,-0.578
5nT4meek3rM6I3c4c6UKb1,holidays,Sleigh Ride/Santa Claus' Party,Various Artists,0.704,0
1g1QAnVY3YGljYB0TgxM41,honky-tonk,Comanche (The Brave Horse),Johnny Horton,0.112,-0.51
2QQoeCWukPy6lGVm4288jF,honky-tonk,Day Drinking,Little Big Town,0.826,0.864
19Pwe795pS5bS2Jr57gHK3,honky-tonk,Fishin' in the Dark,Nitty Gritty Dirt Band,0.812,-0.434
02TGXV8AG3TdfTiYEstWiQ,honky-tonk,Are You Sure Hank Done It This Way,Waylon Jennings,0.52,0.104
6KjJGpDZ4wdshirWmqBcT3,honky-tonk,The Devil Went Down To Georgia,Various Artists,0.896,0.126
7eXyZV2o5fB7rpjXfjYvnm,honky-tonk,Lycklig igen,Lasse Stefanz,0.934,0.618
0qup7d7G2WffwARHKrqT2x,honky-tonk,Somebody Like You,Keith Urban,0.044,0.774
6UYC3YUfCZzoaEbtyNxTPp,honky-tonk,"Heads Carolina, Tails California",Jo Dee Messina,0.116,0.732
0uMur9BAwuzsShojxBi6ag,honky-tonk,Radio,Darius Rucker,0.93,0.696
0NyMrtH8mUuvtJjEpESn7J,honky-tonk,Life's a Dance,John Michael Montgomery,0.304,0.066
6ElXX89QyYhYtrqdZasbTh,house,Paris,David Guetta,-0.684,0.87
4sKxpfxfS5AdVczPBtv4QX,house,Bigfoot - Original Mix,W&W,-0.682,0.774
3sx7UnvWsgZOHWMpU70RrB,house,Children - Radio Edit,Jack Holiday,-0.494,0.93
1UPyhGntpIx9jGJ5UVtKVS,house,Call Me A Spaceman - Radio Edit,Hardwell,-0.3,0.754
6AbVJjzv7thIvmMCuhZrmK,house,Make It Bun Dem,Skrillex,-0.326,0.762
2pLtyAloLNVnt2DvxW7JSi,house,Resurrection - Axwell's Recut Club Mix,Michael Calfan,-0.04,0.68
7Mw1svSngAwEaKFDjgxdiT,house,One Click Headshot - Original Mix,Feed Me,0.008,0.82
3H4YWf0aTAqE5b1Qnyjlrp,house,Rio De Janeiro,Maison & Dragen,-0.46,0.984
6F6hIZvL42mUHMPMthJ1Vw,house,Room For Happiness - Gregori Klosman Remix,Kaskade,-0.098,0.398
0XiHcuUEf1wmvmX1cOaVR9,idm,Eyesdown,Bonobo,-0.634,-0.09
782LcmOkkNn1dm083on9wF,idm,Melissa Juice,Boards of Canada,-0.444,-0.754
1mZcyKIx0ctPbF2NAvG8AE,idm,Sunrise Projector,Tycho,-0.772,-0.326
37fLqsKuC3NzViPhjyoL6t,idm,Gel Lab,Plaid,-0.2,0.038
0Q5SkDpz01QlpcwmJ6mch7,idm,Playsoft,Ochre,-0.688,0.468
1uzD8sp5mhVnTEei4bb7k4,idm,Heroes On Your Lawn At Night,The Flashbulb,-0.58,0.324
2P43WROXRRBFqSKd2aSc0o,idm,"Goodbye, Goodbye",µ-Ziq,-0.756,-0.12
1UI8F0Kz7zrKYZmjb9LeHt,idm,Rotar,Autechre,-0.136,0.778
4twZPBdFpG2AXWrlRqurnQ,idm,Nlogax,Boards of Canada,0.836,-0.018
6VPwlEWUcNnnR1CSH9UAbT,idm,Fog,Nosaj Thing,-0.542,-0.452
0KyJpn3fCGlInrRRhRUnbp,indian,Raja Ko Rani Se,Udit Narayan,0.492,0.234
5JUSihn5xL5vMngYaItQvM,indian,"Sajdaa (From ""My Name Is Khan"")",Various Artists,0.158,0.46
3MFFLX3Lyi5igoIUPZeeRJ,indian,"Jadoo Ki Jhappi, Pt. 1 (From ""Ramaiya Vastavaiya"")",Sachin-Jigar,0.898,0.802
00MvXOtpEGdyO60uZHnY8Y,indian,Dil Ibaadat - Rock,Pritam,0.044,0.242
5Ay0CjHKR7z9Vo0MV9L5u4,indian,Bahara,Penn Masala,0.176,0.376
0P0QtzYknn4wutXTHpjJqc,indian,Kabira,Arijit Singh,0.79,0.23
3eeUZKNilTiK0ps2Scpmj1,indian,"Move Your Body Now (From ""Kismat Konnection"")",Pritam,0.766,0.922
418sesPqIOt0hOVxBOy3DM,indian,Baadal,Various Artists,0.756,0.166
2btnxP06TlQKQygcnIFztR,indian,Roja,Various Artists,-0.144,-0.362
1Lr4m7cRTamH3TalAwiKOd,indian,Chor Bazaari - Remix,Pritam,0.94,0.694
4x0pNOZ5r6kJMjsvsoliBm,indie,Groceries,Mallrat,-0.586,0.078
2hYwDaO91sbawS7qmrfI52,indie,Seasons Run,The xx,-0.366,0.336
32zkKx35Et6A515oZKxDkD,indie,Life Itself,Glass Animals,0.112,0.34
4SNtyKNyYJ8ERT7YLlnFBr,indie,So Young,Portugal. The Man,0.622,-0.11
3AVrVz5rK8Hrqo9YGiVGN5,indie,Apocalypse,Cigarettes After Sex,-0.652,-0.066
3DPFmwFtV5ElQaTniLOdgk,indie,Hunnybee,Unknown Mortal Orchestra,0.136,-0.254
6CHNlPWuSrXMpZPmB7gkFm,indie,Powerful Man,Alex G,-0.454,-0.114
4xR3MAscflQ262kMeiKshQ,indie,Skyline To,Frank Ocean,-0.198,-0.412
7jDKJSjIjT93v7brsZDcoT,indie,Less Than,Nine Inch Nails,-0.524,0.868
2RGe02P8xxSF9syj0ltPjX,indie,Chronic Sunshine,Cosmo Pyke,0.008,0.546
1akkzUk0nUq90X56xDVGHZ,indie-pop,Everybody Talks,Neon Trees,0.45,0.848
4fbvXwMTXPWaFyaMWUm9CR,indie-pop,Holocene,Bon Iver,-0.706,-0.392
3SUusuA9jH1v6PVwtYMbdv,indie-pop,Last Nite,The Strokes,0.58,0.798
3LygB73wJZlok3J7ZIUIqb,indie-pop,Feels Like We Only Go Backwards,Tame Impala,0.112,0.802
1595LW73XBxkRk2ciQOHfr,indie-pop,A-Punk,Vampire Weekend,0.714,0.632
0DAsxISzun85PbsqAfIzeC,indie-pop,Intro,The xx,-0.696,0.556
5Hroj5K7vLpIG4FNCRIjbP,indie-pop,Best Day Of My Life,American Authors,0.076,0.804
5mSjJvTv9l5X2CblEa2ehN,indie-pop,Gunshot,Lykke Li,-0.3,0.242
3ctoHckjyd13eBi2IDw2Ip,indie-pop,Seven Nation Army,The White Stripes,-0.382,-0.076
33Po4wZNmlLhd5VJTkA0RC,industrial,The Line Begins To Blur,Nine Inch Nails,-0.316,0.888
7ttwrfe807K63aXv3VSKU1,industrial,Love Action (I Believe in Love),The Human League,0.282,0.358
1ANc3O9jWyP6B9f4WQkiad,industrial,Tainted Love,Various Artists,0.138,0.752
597IbEu4eqH72nlAuD1sB2,industrial,A Fatal Desire,Hocico,0.25,0.88
2p6O9j2c7yLhTHfA1FiuvL,industrial,Photon,VNV Nation,-0.8132,0.82
7jZMKYwVdLV5x1btTM5sIZ,industrial,The Downward Spiral (The Bottom),Nine Inch Nails,-0.306,0.66
2JylxGfaeGAsiLbQC9tYYH,industrial,Bait & Switch,KMFDM,-0.152,0.424
5h7fEEW7DmBa0Pu5mdTnGq,industrial,Welcome to Paradise,Front 242,0.32,0.79
7xZgpW3KbUe83OnIeYzCaR,industrial,Feed the Fire,Combichrist,-0.596,0.728
01g4uuD186q4zSy820UWn4,industrial,Dead Lines,Skinny Puppy,-0.358,0.47
08UgPobNfySQPeUJjfa1Rz,iranian,Ma Beh ham Mohtajim,Googoosh,-0.598,-0.402
2e3xywvWfzF204ELweWOnY,iranian,Safaye Ashk,Moein,-0.63,-0.034
18Y6UirnKOCohtm7mMyvMa,iranian,Boghz O Baroon,Ebi,0.398,0.64
17HFtYFtIPWUmOJTVaOC7z,iranian,Jorah-Baz,Mohsen Namjoo,0.224,0.108
21655iTe9KrwjJKAAjxcSb,iranian,Oon Manam,Barobax,0.22,0.514
1eAemDrZm6fD461JVRjGD2,iranian,Del Beh Tou Bastam,Morteza,-0.178,0.148
4YPlvL7Tb8SM0fB9il62bI,iranian,Noghteye Payan,Googoosh,0.466,0.174
3BCUer5PlXIIB3SknVdbHX,iranian,Elaheh Naaz,Moein,-0.018,0.062
1VaMGwARaZhUhNaQdrX97F,iranian,Halam Avaz Misheh,Shadmehr Aghili,0.154,0.278
6vliEMsF5iDpVvf0NSfzrz,iranian,Chera Nemiraghsi,Viguen,0.822,0.272
6jVB5MYOxAPWl0fsLm0wr6,j-dance,a world without love,FPM,-0.833,0.024
1Q1KB9EdDgPjVT4Ln6R3tG,j-dance,Loup,80KIDZ,0.156,0.964
0Zc8JXo5VhuSS81vwnh4h2,j-dance,ABSOLUTE EGO DANCE,YELLOW MAGIC ORCHESTRA,0.92,0.92
30KOBavOG4frTBMHDlbK9P,j-dance,You are Welcome - Original Mix,DJ Tasaka,0.42,0.692
7w8fI93RoNl1mSOY31QlVs,j-dance,Trigger feat. RIBKAT,KSUKE,-0.606,0.66
2NDNXuGwjVhNbz3UP4KwIy,j-dance,シングル道,lecca,0.08,0.656
48jR0SlV8ZRtDNGndRFHL4,j-dance,Katayanagi Twins vs. Sex Bob-Omb,Various Artists,-0.9254,0.286
3YPAUad2WEB9nKVK3qJOE6,j-dance,FLASHBACK DISCO,Denki Groove,0.584,0.974
0PFWCJBBqqHxtTdRDcO0nx,j-dance,フェニックス,WEDNESDAY CAMPANELLA,0.082,0.422
646lkMIVGfYk5m1nOjiKP1,j-dance,It's Just - 12 Fingers Remix,Yukihiro Fukutomi,0.266,0.25
48cJ4hcDWSDZi1gnBQtJM0,j-idol,ちちんぷいぷい♪,Moso Calibration,-0.028,0.92
39GETtteH1zvN7TOLG4tC7,j-idol,深い森,Eir Aoi,-0.21,0.356
4OtJBIP8xSHp40zHm4OuV5,j-idol,Life is so Beautiful,Tomato N' Pine,-0.204,0.728
3PTFSzNX3lbu4hkqhojiX7,j-idol,to the beginning,Kalafina,-0.208,0.598
5qGdjE6M7mx0rOFYIXstuv,j-idol,あした地球がこなごなになっても,Dempagumi.Inc,0.59,0.704
5h32hG1s6VNsk5AtUKgWN1,j-idol,桜色ストライプ,TACOYAKI RAINBOW,0.066,0.97
7rTcigjRmkmTGJwzG5ABYM,j-idol,one,GEM,0.208,0.758
4QmQmxo1loZvnmT4NJD07t,j-idol,Darling Darling,Jang Keun-suk,0.51,0.782
43bJnN3QrN8CKOdn9KvdBV,j-idol,ワナダンス!,Tomato N' Pine,0.824,0.508
67g86oHL3KypPHTkWaNlBs,j-idol,スーパーカリフラジリスティックエクスピアリドーシャス,Various Artists,0.896,0.97
5axy6KzoG6RMSFkwgEnGvd,j-pop,好きだ。,Little Glee Monster,0.266,0.732
1COZviCcvLHDNexmP2OeN8,j-pop,チェリーボンボン,Kyary Pamyu Pamyu,0.616,0.908
5X0oBfMej8jeiiCciQll97,j-pop,涙のない世界,AAA,-0.312,0.56
0albLGvYx6ftOUJ7KF0i5I,j-pop,STAY TUNE,Suchmos,0.2,0.876
1CpYTi0SQ3hsyxkGUxzj2f,j-pop,ideal white,Mashiro Ayano,-0.122,0.868
2wRcyTWtCdJrR7E4iDZY9q,j-pop,Get Wild - Remode2 Ver.,globe,-0.296,0.564
1UuY3q79Pk3SKJmUWjdU2I,j-pop,Special,Do As Infinity,0.164,0.892
5fmCYDwxKOtKFmuztafeST,j-pop,カゲロウ-album mix-,SCANDAL,0.35,0.734
06832YTsNZ6lhBW3NgDBjO,j-pop,バーニング・ラヴ,Che'Nelle,0.318,0.656
02eUYzGE92sZL253A39vBt,j-pop,荒野を歩け,ASIAN KUNG-FU GENERATION,-0.274,0.646
3kNVGsXpxGOajg9ihrls94,j-rock,Re:Re: (Single ver.),ASIAN KUNG-FU GENERATION,0.024,0.736
6zT2RKgFaNYNBbSDk6Jd6C,j-rock,僕らは,The Mirraz,-0.468,0.964
25BiEYJp9eD4ZlVNfo2WTK,j-rock,Answer And Answer,9mm Parabellum Bullet,-0.128,0.926
0wnSRR9XOaKf4EcqRQukwE,j-rock,百年経ったら,amazarashi,-0.278,0.374
4HUBovTZntUXNjhOO5lgA9,j-rock,THUMBS UP!,KEMURI,0.722,0.886
6YH1YE6BuNTgORpKZfwqna,j-rock,ゴースト,Galileo Galilei,0.054,0.626
0BMwIFjH2UCfsGDsQf7fTO,j-rock,no future - Instrumental,Bloodthirsty Butchers,-0.194,0.27
1TPVKsyNR9Lbsxx9OSUBbW,j-rock,REPLAY,VAMPS,0.058,0.922
5O0IKlaj4VGxeFzz8i6s93,j-rock,Beautiful Days,OKAMOTO'S,-0.246,0.872
3BSsYsFN2S8U9vOJzC16ix,j-rock,Green-Tinted Sixties Mind,MAN WITH A MISSION feat. TAKUMA,0.112,0.97
1OGwtlps3T1Fo70q6zZUAs,jazz,Are You Real - Remastered,Art Blakey & The Jazz Messengers,0.33,0.334
3XPYMyW85vr0TxFcCu5fAj,jazz,Vital Transformation (with John McLaughlin) - Remastered,Mahavishnu Orchestra,0.308,0.728
58r6xU8haUwkpbTiDyMqXI,jazz,Nice Ending Folks!,Peter Kowald,-0.28,-0.642
50k2js6trDCX2iV0KsIBGx,jazz,"Bewitched, Bothered, And Bewildered",Ella Fitzgerald,-0.482,-0.77
4MEICIguaQ272dPeOWkjYJ,jazz,Worse and Worse,Bill Frisell,-0.482,-0.58
5P7QtBWllP1CQno3Bi834D,jazz,Dancing,Jack DeJohnette,0.262,0.32
1X6fhUVwt7tzy7VPScVubq,jazz,Waltz for Koop,Koop,0.072,-0.024
21WlpZiXLelHjdoMUhHfrm,jazz,My One And Only Love,Chick Corea,-0.104,-0.582
7IAFc5iQti2tzob7Uo7N1Y,jazz,Body and Soul,Thelonious Monk,-0.542,-0.416
4bcyZfaAWCN5SwJgYToxkN,jazz,A Go Go,John Scofield,-0.002,-0.176
6MYgJtV9IU4QTYOdhKinnD,k-pop,애인 있어요 (원곡 가수 이은미),샘 카터,-0.656,-0.188
3sFCjTdiaJVBd8MyOJG69O,k-pop,Romance is Here,V.A,0.92,0.85
4LkxpISm6O9HavtleyFXkw,k-pop,The Boys,Girls' Generation,0.738,0.88
7j4QBNYckEk6FlgumKCtmO,k-pop,피터의 노래,자우림 (Jaurim),-0.432,0.366
4wA6dQYFCl7LtW4aWEz2V3,k-pop,어떻게 살아 (inst.),V.A,-0.8296,0.352
0JURkyRmqvTlSST86vREPn,k-pop,Girls - Feat. Lil Kim,SE7EN,-0.076,0.128
2sfoz7WbsgT2D4w6LBmaWT,k-pop,Remember,V.A,-0.626,-0.472
6UiLCFbytzvjO9U9gwEPPz,k-pop,그 사람이라서,Yoon Han,-0.456,-0.214
5dxgxQ11cPMCqXSy1AP0pI,k-pop,"기다려, 기다릴게 (Inst.)",소울레인,0.4,0.474
3GQav9BHuGn3HhOqHD1aNp,k-pop,한참을 울었어,Electroboyz,0.538,0.142
5j9N29DEPtZKinz97KpHhB,kids,I Love Onions,The Re-Bops,0.756,0.014
5hDxmq48dU98DHOOaX3AkB,kids,Newspaper Mama,Peter Combe,0.92,0.554
5tvN74QGIU0JAOEnsWjs3E,kids,Recess,Justin Roberts,-0.038,0.484
1KirPfRlqct69hhRLwsj4y,kids,Shoe Fly,Enzo Garcia,0.694,-0.428
4z7QGidwzfe59eny2SF8aj,kids,Smells Like Teen Spirit,Rockabye Baby!,0.042,-0.402
4HVrBSUpRiCxRaVKPuIyGj,kids,It's a Big World,Renee & Jeremy,0.062,-0.796
1Cx2qZoBKjHtbCy3Ip5WFo,kids,Dinosaur Christmas,Wee Hairy Beasties,0.532,0.24
0eydMimsKTNF7iaLM0p7Kd,kids,Rock Melon,Gustafer Yellowgold,0.672,0.01
3M4MIFXr1kDcldIon04LDn,kids,Hasta la Victoria Siempre,Suni Paz,-0.136,-0.8662
5rXUXw606m5YVCALeBZRIp,kids,This Land Is Your Land,Little Mo' Mccoury,0.762,0.032
3C4tV3EN4GuNrrD65b9iMa,latin,Tus Viejas Cartas,Los Enanitos Verdes,-0.212,-0.102
1wncA7mz0ntqvZ8UzFokGk,latin,Venezia,Hombres G,0.146,0.652
4waqcUQWdj0yH26STWl2Rq,latin,Rosas,La Oreja de Van Gogh,0.08,0.37
7FGZKu8VjGu1EImHbYgsS3,latin,Tu Amor Me Hace Bien,Marc Anthony,0.664,0.174
4C2zOFgrXxfNGNpYQWIcaH,latin,Labios Compartidos,Maná,-0.076,0.796
6eMtl0TE7QTPodayYrEOIU,latin,Si Tú Me Dices Ven (Lodo),Los Panchos,0.354,-0.136
3lJwIAfeWtnNRbJXWbIHKD,latin,A quien tú decidiste amar,Sandoval,-0.354,0.382
6mdO5yKXfg93yFtbzrvDSw,latin,Corona de Rosas,Kevin Ortiz,0.926,0.458
6PNG5G1v7pU74I13KkvAIo,latin,Felices los 4 (feat. Marc Anthony) - Salsa Version,Maluma,0.666,0.604
7zuwr7YqqpveNtxlKe1vn6,latin,Y Tú Te Vas,Chayanne,0.05,0.214
02yDkjZcms3h9oPDPKhtYZ,latino,Dámaso,Gerardo Ortiz,0.928,0.666
4akYOw6ZJu7WIbZViLrJqc,latino,Lobo-hombre en París,La Unión,0.5,0.904
2LTcAMwvECXoKxHUW640V1,latino,Por Lo Que Reste de Vida,Thalia,-0.222,0.514
4OyzSXRSadNQt5EMwASdap,latino,Todo Cambió,Camila,-0.274,0.046
2jEMxGVpPpXTEtQ8kSk1Xx,latino,Me Voy,Various Artists,0.13,0.284
0rRMe1LBFoq5TjmT1Jye2D,latino,Hasta Abajo,Yandel,0.89,0.838
47TyfLrGhYHHyyQWk64d0M,latino,Flor Pálida,Marc Anthony,0.478,0.604
7lOzUJzsELALh5FQsPKTEn,latino,Humanos a Marte,Chayanne,0.572,0.804
5jCsUTkC9sbU3DeWrDSdJY,latino,Ay Vamos,J Balvin,0.83,0.568
2X3Ta8uUxIRgG9HQ3RiMeh,latino,Flaca,Andrés Calamaro,0.912,0.482
4wGNBfphYQIS6bgOB459z1,malay,KL Kita,Yuna,-0.19,-0.116
4BlIZhIzjs95w62WQzgEzQ,malay,Selimut Hati,Dewa 19,0.09,-0.144
6kip4wquZ4dIvbO9Cz5rNg,malay,Hingga Akhir Nanti - Album Version (Edited),Alleycats,0.296,0.682
5FIltuhveV3tEQnjGcRjxl,malay,Sempurna (Versi 1),Original Soundtrack,-0.38,-0.164
1PCn7QJPWOmGXjeEkPrFcZ,malay,Ayu,V.E.,-0.588,-0.69
4ca2Gq9vZQIIBpvImKHD5d,malay,Seri Dewi Malam,Datuk Sharifah Aini,0.298,-0.208
4xH476eePXamCeX3Kdbh9b,malay,Beribu Sesalan,Jaclyn Victor,-0.704,-0.292
2uTlgRkyiNy3XSvRzaZvyf,malay,Getaran Jiwa,Tan Sri P. Ramlee,-0.194,-0.42
4ieHJYBXsfNuJo13PJSwRy,malay,Buat Sang Puteri,Spider,-0.524,0.346
2OZ3QxP2bwofqhLqWKSXC4,malay,Kemelut Di Muara Kasih,Ziana Zain,-0.78,-0.176
0koYfMNf5edsUBO94bE5rw,mandopop,窗外,Jacky Wu,-0.272,0.204
2uPNkI47htIgjDjDJLxYlS,mandopop,一個人生活,林育羣,-0.62,-0.304
0KXtEWF06emTg4RvIt87tD,mandopop,魔法愛情 (First Love),Sharon Kwan,-0.772,-0.036
6WOwRdX67b4VKujGIal4tK,mandopop,因為愛情,Eason Chan,-0.406,-0.59
2CHTKxQr4zJl7sNJpWz18j,mandopop,四度空間,Lollipop F,0.774,0.712
1GcJnUFB3KFTfMv2vazbER,mandopop,旋轉門,蘇慧倫,-0.67,-0.018
1hW6yHyKvAXs05chYh7dJH,mandopop,上弦月,Andy Hui,-0.488,-0.128
4GwEeSaXgqEozZv1cZ778l,mandopop,Marry Me,Jam Hsiao,-0.268,0.122
0YoZD0alPamTuvyN7nrczC,mandopop,太傻,柯以敏,-0.614,0.008
7qlKJi5uVEAiHGtc0DJoD1,mandopop,斷(Duan),太妃堂toffee,0.116,0.108
0E4SOtfJAgKXmVrY2CJLnE,metal,Angels,Within Temptation,-0.616,0.73
6DPZmWcljW3XCfMNlnqy9r,metal,Heaven and Hell,Various Artists,-0.364,0.058
7tuPKHwOe83qC2djmlKbFr,metal,The Motherload,Mastodon,-0.306,0.942
2PpNgmrS9mAyrkRAwn6YPq,metal,Rainbow in the Dark,Dio,0.224,0.894
60KqEUtRPr7E0Difa7hfOy,metal,Redneck,Lamb of God,-0.8848,0.992
2WeSz9FLWE9RRIFDWtD5nc,metal,The Trooper,Iron Maiden,0.24,0.732
39BuMwNtaqTvsV6w7p3fd7,metal,Wild Eyes,Parkway Drive,-0.606,0.98
5CPXR6lDTvngxtmMZxnWmC,metal,Pull Me Under,Dream Theater,-0.444,0.882
3MDF2PY1B31KWeKhgGJAEM,metal,Is This Love,Whitesnake,0.164,0.602
2f0P7iELCvAlV8j6Z3rGDE,metal,Stranglehold,Ted Nugent,-0.02,0.422
6bDVc03eMOMfvKez5qMAcq,metal-misc,Still Counting,Volbeat,-0.268,0.846
59pBA1HUMol92PIIeJ0h9F,metal-misc,Painkiller,Judas Priest,-0.798,0.974
7maIZJnwsPBUWT9yJYyPoe,metal-misc,Through Oblivion,In Flames,0.202,0.306
01Mpj13vURSO3cCLprPt5T,metal-misc,Raining Blood,Slayer,-0.9242,0.99
3ovjw5HZZv43SxTwApooCM,metal-misc,Wind Of Change,Scorpions,-0.508,0.048
4fj8NzcAJfVYelreg3I32V,metal-misc,Love Hurts,Nazareth,-0.186,-0.028
2dQUNg3OGqVXrfjDpgJcCu,metal-misc,You Will Know My Name,Arch Enemy,-0.792,0.894
4hOohf45f0JtxYKNsEAIOV,metal-misc,For Whom The Bell Tolls,Metallica,-0.574,0.722
7pwkMTD1dDqHZyCuUko2Aw,metalcore,A Wolf Amongst Ravens,After The Burial,-0.398,0.95
6a06GfUAOhTE8yhE2qXYQJ,metalcore,Forbidden,Miss May I,-0.276,0.886
1USgrWktVFd6bZmEGiQX86,metalcore,The Reign,blessthefall,-0.176,0.836
3ZWtSSJz51mRUE1apZD4n2,metalcore,Stand Defiant,For Today,-0.7,0.908
48UYVUCksbY7aSdInFrU8l,metalcore,The Crimson,Atreyu,0.27,0.836
1rih4htJUSA9c5vRHp5a8O,metalcore,The Balance,August Burns Red,-0.39,0.94
1kEDst3SjrzobRtKpFDP4A,metalcore,Puppets (The First Snow),Motionless In White,-0.494,0.678
6KbWEY3vOP3P2ibn7aO7e0,metalcore,Children of Cybertron,Emmure,-0.692,0.93
1mJ9dwBTX17tTi1P45VJLf,metalcore,Monument,Miss May I,-0.784,0.952
3fUUaeX5KfxS8W4DAFvJTE,metalcore,Lionheart,Bury Tomorrow,-0.478,0.62
4t6yucLd90THjUxK0px0vD,minimal-techno,Trunkated,Gaiser,-0.886,-0.176
3OtHXOte0aHTLG9260bDXa,minimal-techno,October,Isolée,0.148,0.118
6RXVTa8NpdNKTRgQcdoOXA,minimal-techno,Afterglow - Marek Hemmann Remix,AKA AKA,0.356,0.8
5SWoHLb71yIUXCubUs0P2v,minimal-techno,Timing,Various Artists,-0.292,0.592
04ZbcIONrJTCECTaYrheNB,minimal-techno,Light Through The Veins,Jon Hopkins,-0.892,0.346
5ZhTEMjyeOIaa1ny1HzI1R,minimal-techno,Inside Us,Various Artists,-0.608,0.318
7rrXiffZBUAy1n3FPnRGsR,minimal-techno,Oversexed - Original Mix,Format:B,-0.082,0.732
5PXZLSAyxnYAJxXn9LupGG,minimal-techno,Around - Solomun Vox,Various Artists,-0.444,-0.336
7qrR8adIQ3okYgvDVWbwy4,minimal-techno,Lac De Nivelles - Glimpse Remix,Rodriguez Jr.,-0.308,0.134
2To3PTOTGJUtRsK3nQemP4,minimal-techno,Happy Birthday!,Modeselektor,-0.52,-0.098
22xvfnhEgtbBiuxFzYnEVx,movies,Now We Are Free (From Gladiator),Movie Sounds Unlimited,-0.923,-0.548
4Y6jRurnbV4h8nv0W2zGCa,movies,Of The Soul,Mac Miller,-0.2,0.398
7qxxr5CLf8rnIibe4eStzR,movies,Cold,Various Artists,-0.8398,-0.742
4aaJhwVcYWgHz05xFXRug4,movies,At Wit's End,Hans Zimmer,-0.9248,-0.656
1MD4tX2g5hx0D2WQ6JsC2m,movies,These Days,Nico,-0.594,-0.738
6Ac4NVYYl2U73QiTt11ZKd,movies,Hooked On A Feeling,Blue Swede,0.866,0.64
5pCbQRv0DBbFzOUk4ZBpFu,movies,Shieldmaiden of Rohan,Various Artists,-0.8352,-0.11
2Rddbad3XaTds95LY8iidH,movies,What's This?,Various Artists,-0.022,-0.178
7mpOAEs1UdiQRmMEl0heOo,movies,Don't Take My Stuff,Alan Silvestri,-0.8738,-0.354
3Dupb5AcaVFErlSSfl3szW,movies,"I Won't Say (I'm In Love) - From ""Hercules"" / Soundtrack Version",Various Artists,-0.094,-0.058
5rJrHMEHeYhRwmLzpFbBso,mpb,Por causa de você,Vanessa Da Mata,-0.704,-0.32
2rbj6zUGsWCi5G9aqdk7iF,mpb,Olha Só,Toni Ferreira,0.156,-0.208
79uxFZKd5dG7GZpKc5RiwW,mpb,Você Mudou Demais,Amado Batista,0.548,0.448
2oFutWuJCmhePvCTlrpqLc,mpb,A Vida do Viajante (feat. Gonzaguinha),Luiz Gonzaga,0.672,0.472
0jYvzi4GLIRP2Fo5fJfAPp,mpb,Você Disse Não Lembrar,Adriana Calcanhotto,0.57,0.126
7oHJkFZQ2hUZF8SkeJupIp,mpb,I Know It Won't Be Long,Maria Gadú,0.39,-0.344
2tbNRwUMWSNgqN2bHqFd60,mpb,Paixão Passione,Thais Gulin,-0.63,-0.344
1Cz4KWGACNzXNn7UDLWm3Z,mpb,Recanto Escuro,Gal Costa,-0.15,-0.538
25WATieNAKnnoKkzxHZeog,mpb,Cuidado Moreira,Moraes Moreira,0.908,0.486
4UVhLfIzcgHsFdHfZVFPgC,mpb,Resta,Ana Carolina,-0.556,-0.338
4n9IldIry0EUOiyvpI3LV2,new-age,The Celts,Enya,-0.508,-0.306
06XPZNjnPt90Y4cAIqPN19,new-age,La Puerta Del Cielo - Radio Edit,Enigma,-0.216,0.232
5KVzrKW9MzM2MEQgjjZjZb,new-age,Rocket to the Moon,Jim Brickman,-0.648,-0.372
1zpz6HleoHixNcnLCR0oPy,new-age,The Seaside Of Your Dreams,Vassilis Saleas,-0.8508,-0.56
5N5sHFKi47SjQASUnxNZVO,new-age,Newgrange,Celtic Woman,-0.8432,-0.264
5Vk3nJhcGk3VLVbVq23vMu,new-age,The Long Riders,Various Artists,-0.66,-0.694
3AvU4jOZBC1G33R0LVttOy,new-age,Introduction,Mike Oldfield,-0.502,-0.112
5FpRRYLiHvFeiTFpY6lMep,new-age,Lost Five,Enigma,0.408,0.008
2vW8AUf3saGQxTchf7Jlo9,new-age,Nirvana,Elbosco,-0.686,0.13
0z8Isaol4ic6WPa6Srpzx8,new-age,One Toy Soldier,Enya,-0.584,-0.622
5PMbYk8qnxHk11VC8vKsF3,new-release,Death Row,Jimi Charles Moody,-0.052,-0.294
1SC5nZeOBQ1weE86ho1Yxm,new-release,What I Never Knew I Always Wanted,Carrie Underwood,-0.268,0.564
0EaqTZtx0wyKBT1VluOtCi,new-release,RCVR (feat. Debbie Gibson),Big Black Delta,-0.348,0.77
0375PEO6HIwCHx5Y2sowQm,new-release,Waste The Night,5 Seconds of Summer,-0.354,0.808
3ACnarSkTKiOTj4rsnFkgf,new-release,Sorry,Justin Bieber,-0.196,0.544
3yql0EiyLkOg6V1K1njp74,new-release,Nottamun Town,LISTENBEE,0.112,0.494
16cMQI1Z2zGbD37o6h7Zks,new-release,Easy,Seinabo Sey,-0.226,0.058
1PhvTwusCB7hHCLrP8mrll,new-release,Wolfpack,TĀLĀ,-0.194,-0.006
1kDVtWMDT5RnXHvymKgTyd,new-release,C.U.R.E.,BOOTS,-0.32,0.536
69i9zXmMHg8VdjyiX5Wu4H,new-release,Sun Leads Me On,Half Moon Run,-0.688,-0.276
3XtRrgSQRarDz0lnvXYYQW,opera,"Macbeth - Revised version 1865 / Act 4: ""O figli...Ah, la paterna mano""",Giuseppe Verdi,-0.8682,-0.684
7BFYBSroOTNTkFFDuJ6BmV,opera,Canto Della Terra,Andrea Bocelli,-0.782,-0.222
3YYUmw4asVeqUlkJMKPfzW,opera,"Il Barbiere di Siviglia, '(The) Barber of Seville': Una voce poco fa - 1986 Remastered Version",Maria Callas,-0.556,-0.8594
087ZR4yuElXXTNo17sHRq7,opera,Bésame Mucho,Andrea Bocelli,-0.094,-0.082
4w8dynLbwruR9Y2lEQEVGG,opera,"Le Nozze di Figaro, Act 4: Presto avvertiam Susanna",Wolfgang Amadeus Mozart,-0.696,-0.939
5mwv60DUr15t4IhDX6FDyV,opera,"Berenice: Si, tra i ceppi",George Frideric Handel,0.094,-0.412
6vkmeTEdMh4dDsEVZ5FX8D,opera,"Libiamo ne' lieti calici - Live At Central Park, New York/2011",Andrea Bocelli,0.026,-0.372
3CC6krNB5ib8m5ZgSfKEvN,opera,"La Bohème / Act 2: ""Viva Parpignol..."" - ""Una cuffietta a pizzi""",Giacomo Puccini,-0.486,-0.292
7xtuvlqhEJdGwRAtsdMmh6,opera,"Carmen (1997 - Remaster), Act III: Eh bien?",Georges Bizet,0.43,-0.764
2uJj5SzdCkL56uo1U5itzn,opera,"Der Freischütz, J. 277: Overture",Carl Maria von Weber,-0.8422,-0.63
0RXGTlVqNkD6qjB1x7wCbz,pagode,Nem Pintada De Ouro,Various Artists,0.942,0.838
1DpH7GuN47cDzEgs08xiLr,pagode,É Problema Meu,Exaltasamba,0.816,0.516
2wnGE7PTVV4LKc6jbkTGcm,pagode,É Covardia,Karametade,-0.668,-0.304
33l2D4wC8unydaNjQRRN1O,pagode,Contando Formiga - Ao Vivo,Bom Gosto,0.704,0.586
7t9oXKPefnXJ7tGdZVDLqp,pagode,Go Back,Só Pra Contrariar,0.848,0.202
3AkRMkK3a5kP8O2xMMcY2H,pagode,Favo de Mel,Dudu Nobre,0.132,-0.006
67ekqfDVHPbyLaxS5dqBuh,pagode,Não Tem Jeito,Jeito Moleque,0.766,0.752
7hKsYEUcG3kc3jK5NATw3E,pagode,Um Marco na Vida,Doce Encontro,0.228,0.392
3VLX9nYKCr3Vfd7qVistd1,pagode,Será Que É Amor,Thiaguinho,-0.038,0.382
4DORDGtFEOZjcwR27kgRpc,pagode,Tchau (Ao Vivo),Nuwance,0.162,0.546
6czR937sAtt4KbrZZPCYHA,party,Gucci Gucci,Various Artists,0.776,0.782
68PHBS4CsrBK8QnRmeGqup,party,Let Me Love You (Until You Learn To Love Yourself),Ne-Yo,-0.402,0.366
4Ri31pnazSTnF439vC5tc3,party,Used 2,2 Chainz,0.092,0.838
2ZGBhrxA4ghKqoOMBdn966,party,Smile Back,Mac Miller,-0.53,0.668
6Cr4GuonfqCCFIqSSOGTBG,party,Trouble On My Mind,Pusha T,0.182,0.588
38aECKrbMv2F5FsYYCewCQ,party,No Mediocre (feat. Iggy Azalea),T.I.,-0.644,-0.1
7pNC5ZIKtwUK0ReSpM3P9f,party,Black Widow,Iggy Azalea,0.038,0.44
3Yt9lRtS5V4nbJnwcgFgvC,party,You Da One,Rihanna,0.726,0.43
3im8vluqbDsafyWEwBJdme,party,Patron Tequila,Paradiso Girls,0.67,0.62
6LxSe8YmdPxy095Ux6znaQ,party,Headlines,Drake,-0.15,0.132
7fz2IMaGic2lXn4SB8fBJW,philippines-opm,Gano'n Lang Talaga,Bituin Escalante,-0.676,-0.208
66jGupeb50kOsufqLjjuSu,philippines-opm,Mr. DJ,Sharon Cuneta,-0.678,-0.34
2Yk4vKH8mhKjjfqvsoojuf,philippines-opm,Please Be Careful With My Heart (duet w/Christian Bautista),Sarah Geronimo,-0.324,-0.446
4TWdLEKty3lypVPvGOa29Z,philippines-opm,Kung Ako’y Iiwan Mo,Angeline Quinto,-0.298,-0.414
665BdVQienv7l1yitIYBX4,philippines-opm,Praise Be,South Border,-0.8118,-0.726
1354n5GyQjtpsder6CyNAm,philippines-opm,Sana Dalawa Ang Puso Ko,Lani Misalucha,-0.186,0.408
1agsqq7ima64jqXTdNHbmG,philippines-opm,And I Love Her,Various Artists,0.172,-0.138
4hu4nQYouevI7phYy81beI,philippines-opm,Magbago Ka,Freddie Aguilar,-0.766,0.186
4N0XG7hGoVnUKI2kuRGN1u,philippines-opm,Kisapmata,Rivermaya,-0.206,0.126
23PTXLccImPxvUUJEM0p5W,philippines-opm,The Way You Look At Me - original,Various Artists,-0.788,-0.23
1T8Y5s4PMRKAD05b4KOyNj,piano,Opus 23,Various Artists,-0.622,-0.9462
5cKc2WQaSC0tRpmnWmaJbE,piano,Sometimes… Someone,Yiruma,-0.738,-0.666
29hUO051Gp5TLwS3MHf8w8,piano,Be Thou My Vision,David Nevue,-0.8526,-0.8684
3XVBdLihbNbxUwZosxcGuJ,piano,If I Ain't Got You,Alicia Keys,-0.668,-0.112
4WnEirPtoKkKT11VXJF72O,piano,La valse des monstres,Yann Tiersen,0.842,-0.444
0YywjDvFudcaHG74NuWISy,piano,People Help the People,Birdy,-0.694,-0.384
4jlJSCbqjWHe0BKp0hK5Dy,piano,On The Way - Original,Yiruma,-0.8616,-0.8056
0seEMJQiflBMMkxIhDoslm,piano,What a Wonderful World,Richard Clayderman,-0.71,-0.408
0CPZgi0UVqcGhJhagw8bHj,piano,"Ballade No. 4 in f minor, Op. 52",Frédéric Chopin,-0.9242,-0.786
4LWW2UvgVvrMa62i24lgtu,piano,Mi,Nils Frahm,-0.304,-0.74
2igbKtoBMXdYgYPkCpl0V4,pop,Body Moves,DNCE,0.736,0.386
3JTtZUOiZljuWbNiasfHB6,pop,Hopeless,Khalid,0.138,0.404
7dOeiXeTSfA1ixaYmQcWu7,pop,Rich Love (with Seeb),OneRepublic,-0.056,0.744
0fYVliAYKHuPmECRs1pbRf,pop,Renegades,X Ambassadors,0.056,0.724
2H881m3JRA8lpuuwaQL6zy,pop,No Fear,DeJ Loaf,0.132,0.364
7COfe3P7KgfwDwIRB8LIDw,pop,Mi Gente,J Balvin,-0.424,0.408
6Hgh47WXVKtXN5zGOu0hjI,pop,OTW,Khalid,-0.44,0.356
7gHs73wELdeycvS48JfIos,pop,Faded,Alan Walker,-0.668,0.302
54l9GJGQ1UCFKe2tzt1Vxt,pop,Only You (with Little Mix),Cheat Codes,-0.562,0.48
6zbHSDJjgrNdfIxPyGfPBt,pop-film,Wake Up,Rage Against The Machine,0.146,0.646
3iJWxZYv5FNcfGcOdgbq2P,pop-film,Peggy Sue - Single Version,Buddy Holly,0.204,0.03
2mtVxf50BYsKNtQoz8sfzm,pop-film,Iris,Various Artists,-0.006,0.43
4E6YM4V7Kz6zpbiNsliwEl,pop-film,Just Like Honey,The Jesus and Mary Chain,0.07,-0.126
2XqTTDg835sjCyyFEvhYyr,pop-film,Stand By Me,Ben E. King,0.316,-0.688
5oUV6yWdDM0R9Q2CizRhIt,pop-film,New Slang,The Shins,0.298,-0.222
7KDAW88XnN1dmO6Nr54YeS,pop-film,Mary Jane,Rick James,0.788,0.674
2m0M7YqCy4lXfedh18qd8N,pop-film,Into the Groove,Madonna,0.608,0.712
22W8VZFcnj4BCIaixnpW0L,pop-film,Tiny Dancer,Elton John,-0.478,-0.296
4zXa17K83Pp6N2yXdVc2sv,pop-film,You're The Best,Various Artists,0.564,0.726
2uS7loJyPwCwpJjkE2RFxd,post-dubstep,Dreamin,Submerse,-0.008,0.748
0UsncspVnapVDv6Ew85Zkw,post-dubstep,Boston Cream,Various Artists,-0.248,0.818
1Csls1NgwzKjlvJNq2MWxe,post-dubstep,MysteryBuds featuring Knxwledge,"Sir Froderick feat. Wise, Zaphryn, Messi, Suzi Analogue, Josh Hey, Stainless Steele, Woizer, Karniege, Devwho, Swarvy, Ahnnu & Knxwledge",0.09,0.912
2WzpnFQQv98FgOYRlHuU6S,post-dubstep,Ultra Thizz,Rustie,-0.358,0.79
0gslAiwYeAbpXUMOIbOCks,post-dubstep,Night Bus,Burial,-0.9268,-0.8382
0RIk6TLHAptf3tvBHD4j0f,post-dubstep,Defender Rhythm,Two Fingers,-0.346,0.568
2pZxMA1Bd5xOHp8yrsPJXM,post-dubstep,Love Is The Drug,The Spaceape,0.066,0.3
5M2jCBdPHMmtHjcdwoiD7W,post-dubstep,Lions On the Beach,Cloud Boat,-0.194,0.726
1cMCmHWDlcUDeNtox6I0L3,post-dubstep,Overgrown,James Blake,-0.704,-0.148
1bH947ZkvCkn33lmWJrEyE,post-dubstep,See Me Feel Me,Sepalcure,-0.77,0.3
7GqotKGtGx5Opp2j4t7RIJ,power-pop,Ferries,Robyn Hitchcock,-0.008,-0.03
7FmBhtemJEd7hnWtqtufqt,power-pop,The Soul Of A Child,Jules Shear,-0.178,0.146
3ey3YMZLdl1tQjbz7EJkKG,power-pop,Making Plans For Nigel,XTC,0.63,0.378
4rCWS5j5EtY6PMTLvC1pps,power-pop,Crying In The Rain,Martin Paul,0.406,-0.404
43RV4Hl8G0mxe0BbA55p0i,power-pop,Day After Day,Badfinger,-0.274,0.008
3dZPApIwDKTgxoqBCb2aQZ,power-pop,Do The Panic,Various Artists,0.588,0.216
6IhO1SFSXya8I9ixP8RzAb,power-pop,I Saw the Light,Todd Rundgren,0.62,0.666
6bKLaQjdWeI9Gxl8xvLusb,power-pop,She's So Young,Pursuit Of Happiness,0.842,0.394
0M38Vb9xghKlRtr6iLI1Bp,power-pop,Again,Dave Edmunds,0.904,0.842
51VYzDdWlgKZxX76glQoI6,power-pop,Stay Away from Downtown,Redd Kross,-0.562,0.968
4hgQxWkmgBLtw1gDVDc99g,progressive-house,Blow Up - Thomas Gold v Axwell Remix,Claudia Cazacu,-0.058,0.876
4qXpANSPkNFl9ozIX8OuNj,progressive-house,Elements - Edx's 5un5hine Remix,Dinka,-0.112,0.206
4bJhvPYFBlyoUOo8ts3b6B,progressive-house,Derezzed,Daft Punk,-0.716,0.456
51Atfveui0ImDj80U2cqfl,progressive-house,Written In Reverse,Tiësto,-0.458,0.53
2ineDP6wM8kSC15rR9v9H5,progressive-house,Scorched Love (Scorchio Remake) - Original Mix,Redanka,0.162,0.654
0ukI2Du8oCRZdzSIo4D13r,progressive-house,Power Drive,MYNC,-0.7,0.434
3hJHEsqjnemye98tAUcE3o,progressive-house,Who Cares,Adam K,-0.57,-0.126
7b71WsDLb8gG0cSyDTFAEW,progressive-house,Summer,Calvin Harris,0.44,0.722
4tPK6NiLJqiAzJgCiLH7wy,progressive-house,Stars - Original Mix,Vicetone,-0.418,0.7
7sCIdsYQ8Nxoj6TjB1Eb7P,progressive-house,Toulouse - Original Mix,Nicky Romero,-0.468,0.82
52w10XfCLwW96ZpiCJAytC,psych-rock,Wind Was the Wine,Woods,-0.076,0.328
0Ko737UNjXO17LK4Urdlwo,psych-rock,Fortunate Son,Creedence Clearwater Revival,0.206,0.058
491PeCZH0WVrJduY0eYGwW,psych-rock,Insides,The Soft Moon,-0.122,0.93
6k4nwOAfOEiqxeKEYDrAIT,psych-rock,1000 Dreams,Dead Meadow,-0.542,0.726
6HItiynvwQEJpyURAxx704,psych-rock,Sunday Morning,The Velvet Underground,-0.002,-0.036
1pX9aqtjz3khXVnrVYgw5f,psych-rock,"Love the Sinner, Hate the Sin",Elephant Stone,0.438,0.82
1z6FjgJ6YW6i8iUyMf7g2B,psych-rock,Pictures (Leave Your Body Behind) - Original,13th Floor Elevators,0.486,-0.212
5jWyodMOVxsePU8jNs4Ha1,psych-rock,Solitude Is Bliss,Tame Impala,0.336,0.686
5eCRVyP7eXytMeUx3tyAoR,psych-rock,Follow Your Way,The Holydrug Couple,-0.454,0.322
4An0hbjs1THl9cQprYrN6G,psych-rock,California Dreamin',The Mamas & The Papas,0.308,0.444
3mgJd0ZOkc5seJEy9LX8BS,punk,Anti-Manifesto,Propagandhi,0.024,0.936
0lWTRoRtT3KoyGEHohj6oS,punk,Pretty When,A Step Ahead,0.28,0.888
4UuHWIkAWnN176A2rx7YFB,punk,1985,Bowling For Soup,0.706,0.756
4BboWwzdXCg63ORFjNy4oV,punk,Distant Star,Spielbergs,-0.262,0.836
6vqq6wi5yDT5LCYCK7A0pW,punk,My Best Friend (Is A Nihilist),Iron Chic,0.574,0.916
5Zk3Lg6qr7JILzW37A5KeW,punk,Fade,Arborview,0.196,0.832
2CWA9x0ahUkluLg7hfeSdD,punk,Here Come The Rome Plows,Drive Like Jehu,-0.736,0.99
3JTQe7ek31DCy9glNCL5Xe,punk,Failed Imagineer,Propagandhi,-0.468,0.952
7nCo27psPn6Ths9FjhwrXL,punk,Scars,Ten Foot Pole,-0.494,0.958
7bvrzWzYGld77z5gvEiNSm,punk,A Mirage of Safety,Mute,-0.28,0.974
5WVCAbkTMEf0mFDmtFMWFb,punk-rock,Heart's All Gone Interlude,blink-182,-0.8506,-0.422
57BrRMwf9LrcmuOsyGilwr,punk-rock,Crawling,Linkin Park,-0.402,0.404
5xm1Ez5n4KJy7q02zkyJMJ,punk-rock,Nothing On My Back,Sum 41,-0.358,0.936
4nqZIPw2PNo1W54kEmswJ2,punk-rock,Murder City,Green Day,0.682,0.95
4IECh1gCtbI8b52xykPG2W,punk-rock,The First Drop,Rise Against,0.292,0.93
3HVUvLe8yJ4WXLNMmfuisL,punk-rock,Beat on the Brat - 2001 Remastered Version,Ramones,0.858,0.63
1KpRBS8dbDw7LxMhuK7Bso,punk-rock,Institutionalized,Suicidal Tendencies,0.302,0.628
4hy4fb5D1KL50b3sng9cjw,punk-rock,Smells Like Teen Spirit,Nirvana,0.652,0.75
2FOm4RUDymWyGVGMGAuBOP,punk-rock,Ring of Fire,Various Artists,0.406,0.884
5oZls5l1pjfZJ62KfdvQjT,punk-rock,This Is Home,blink-182,0.566,0.908
2FgA1bcV66Uno7vCRYTDQo,r-n-b,$ecret,Goapele,-0.4,-0.134
7Fg342AJtNsIDdwCfX0paC,r-n-b,Let Me,ZAYN,-0.622,0.134
14kYOiFVPb7E7NfFbqhdln,r-n-b,goodnight n go,Ariana Grande,-0.52,-0.092
4l34rbUYqKWufYEWriVnB5,r-n-b,This Luv,Donell Jones,0.402,-0.008
2vwO3W1n5k6YaNaQeLRYae,r-n-b,If It Ain't Me,Trina,-0.348,0.37
4NBZ05LR7kOQlsOWlQHW0P,r-n-b,Promise to Stay Here,Kendra Foster,0.102,0.024
1zyqZONW985Cs4osz9wlsu,r-n-b,On the Hotline - Amended Version,Pretty Ricky,0.376,0.708
53cVCGWe27PNZfb0KNUnjt,r-n-b,Take Away (feat. Ginuwine),Missy Elliott,0.322,-0.136
5rWzxloNXvbRPhlC1O2b6T,r-n-b,The First Night,Monica,0.812,0.532
5dzV75f9qVXVvdXLTqIG4L,r-n-b,Primetime (feat. Miguel),Janelle Monáe,-0.32,-0.07
5HQVUIKwCEXpe7JIHyY734,rainy-day,"Young, Wild & Free (feat. Bruno Mars)",Snoop Dogg,0.062,0.31
42BAwiGC1egjbiJ6y512Tz,rainy-day,Turning Page,Various Artists,-0.622,-0.242
2DAqUtBwNKSgzIxM6g33rR,rainy-day,Theme For Great Cities - Remastered 2002,Simple Minds,0.104,0.89
4z1O25cq9g2kuJemmUxc21,rainy-day,Small Bump,Ed Sheeran,-0.108,-0.128
70y3OsCu7GBkJ3aqD94Agv,rainy-day,Wait,M83,-0.8356,-0.544
2bbhyUWJ5VjdfI3P4PRLu2,rainy-day,Samson,Regina Spektor,-0.632,-0.614
2pwdgph51JIwFkhmvZdgAn,rainy-day,I Can Feel a Hot One,Manchester Orchestra,-0.8784,-0.402
5yRQpqzkKRYozrMsmU70ww,rainy-day,I Can’t Make You Love Me/Nick Of Time,Bon Iver,-0.632,-0.8522
0GIgEh3zDj5zE2q2IbHVGH,reggae,Ruff Inna Town,Lion D,0.812,0.406
2xl3jVTWcAV0XNFT5gd1uG,reggae,Nuff Gal - Raw,Demarco,0.652,0.85
17PfXZ4eYQDZPXNKSNcfck,reggae,Affairs Of The Heart,Damian Marley,0.364,0.314
3KRiAmQgIRQ3Fj9FlRHmO0,reggae,Real Badman,Various Artists,0.11,0.65
2X8MMbrb4ebFITlxjocGU0,reggae,Forward Jah Jah Children - Original,Jacob Miller,0.784,-0.098
46k30e2S78nAF1OJgXCBd2,reggae,Only Man She Want,Various Artists,0.522,0.64
0fLJ474nm6kTFzo96rqVOl,reggae,Lots of Herbs,Junior Kelly,0.468,0.61
49tZWy7uJc4iPjdElddzD9,reggae,Nice Suh,Various Artists,0.584,0.76
6UEFePcC8fAtZBaGETfYjJ,reggae,Prodigal Son,Steel Pulse,0.212,-0.152
6XRjCtbwLrGKQQsxG3vLWz,reggae,It A Fi Burn,Josey Wales,0.742,0.366
1NRGERALqArxLhWYQFQ0hh,reggaeton,Llevo Tras De Ti,Various Artists,0.726,0.734
1Wqey5mexjEoAmuhHwZ8dB,reggaeton,Yo Quiero,Wisin & Yandel,0.378,0.594
7ePXFeKtDzDqkoEZOIJ600,reggaeton,Pégate Más,Dyland & Lenny,0.926,0.728
7a6htfBLgGUd4e36u2ISrx,reggaeton,Corazón Sin Cara,Prince Royce,0.916,0.66
3svvCaJ1gVAQjhWI6mMmO6,reggaeton,La Rosa Negra (feat. Carnal),Musicologo Y Menes,0.374,0.54
1Jhvp4L46VFUISywphdB6q,reggaeton,Corazones,Daddy Yankee,0.522,0.744
7GKW0BK2zuxKMpQyJ5GwcF,reggaeton,Dandole - Remix,"Gocho ""El Lápiz De Platino""",0.73,0.504
390sHs6iOJV9xgELPRbqox,reggaeton,Yo Lo Se,Wisin & Yandel,0.088,0.752
76mjPF4HMKDI0sfCOCQEFO,reggaeton,Pa'que La Pases Bien,Various Artists,0.056,0.524
0k2GOhqsrxDTAbFFSdNJjT,reggaeton,Temperature,Sean Paul,0.644,0.2
3GCL1PydwsLodcpv0Ll1ch,road-trip,You Belong With Me,Taylor Swift,-0.114,0.566
3cySlItpiPiIAzU3NyHCJf,road-trip,Problem,Ariana Grande,0.254,0.596
1kWja6NVaLZThMop9MYVDz,road-trip,Wrong Way,Sublime,0.832,0.334
4nOi8Y22QaxmAEkIrpb5Fv,road-trip,Stubborn Love,The Lumineers,-0.558,0.12
13PUJCvdTSCT1dn70tlGdm,road-trip,"Welcome Home, Son",Radical Face,-0.212,0.074
6golelYKuy85o3u0cxIxFK,road-trip,The Wire,HAIM,0.05,0.27
3APayTEWiUl9Ssep4BOXR2,road-trip,Torn,Natalie Imbruglia,0.2,0.856
6SpLc7EXZIPpy0sVko0aoU,rock,Misery Business,Paramore,0.462,0.812
5eYwDBLucWfWI5KsV7oYX2,rock,Mary Jane's Last Dance,Tom Petty and the Heartbreakers,0.032,0.628
6ptIC8RA6qYuvjdjnCMDtu,rock,Dead and Gone,State Champs,0.002,0.93
5QLHGv0DfpeXLNFo7SFEy1,rock,1979 - Remastered 2012,The Smashing Pumpkins,0.928,0.574
0lP4HYLmvowOKdsQ7CVkuq,rock,The Kill,Thirty Seconds To Mars,-0.422,0.824
2Q7LpkYrS0PBpoq3iCqypa,rock,Ramblin' Man,Allman Brothers Band,0.868,0.662
33daQo3S8j2NcJstEHXwhQ,rock,Pain,Three Days Grace,-0.428,0.482
4BP3uh0hFLFRb5cjsgLqDh,rock,Fortunate Son,Creedence Clearwater Revival,0.326,0.326
17aDyX39gb1iV1ZWvD1ffE,rock,High,Sir Sly,0.452,0.466
11bD1JtSjlIgKgZG2134DZ,rock,Chasing Cars,Snow Patrol,-0.728,0.184
6Qh2wJlT0GHTZa3ZLOCWLG,rock-n-roll,Bitch,The Rolling Stones,0.942,0.942
2loctOuEydT8m8V0XsbPsU,rock-n-roll,"American Woman - 7"" Single Version",The Guess Who,-0.246,0.024
7utRJ4BeYx85khzP3lKoBX,rock-n-roll,Tears in Heaven,Eric Clapton,-0.376,-0.516
3BSHfNC57ksIlpr2XRYnrv,rock-n-roll,Had Enough,Danko Jones,-0.184,0.788
23DjJ1MQIoVTF5JYJiCq3R,rock-n-roll,Glory Days,Bruce Springsteen,0.954,0.896
6qdyIN0iR5d6JOvV2ek08N,rock-n-roll,Keep A Knockin,Little Richard,0.902,0.864
4Ld00UQYL3aPcK4yOnv0JP,rock-n-roll,Rainbow In The Dark,Dio,0.304,0.834
2zrIyIdqafYozfsgiMY0Ae,rock-n-roll,Supermassive Black Hole,Muse,0.73,0.73
7aLoa1F3EoM8AeC6Ao1RKz,rock-n-roll,"Shake, Rattle and Roll",Big Joe Turner,0.69,0.168
5zj0FCnEIkQ5633qo0eo5B,rockabilly,Falling In Love With You Again,Imelda May,-0.208,-0.376
2cdzutoqFK6sfW6exi7oXh,rockabilly,Return to Sender,Elvis Presley,0.942,0.232
0mKpj2Hb1ltDVsjQWATsHx,rockabilly,Private Hall of Shame,Horrorpops,0.838,0.862
5QjyK8bYjv12zp8o0qnk3p,rockabilly,Sleepwalk,The Top Cats,-0.71,0.252
0veO2g9LtKOTX8dUEW6yr2,rockabilly,Weekend,Eddie Cochran,0.928,0.226
3xVoKeqZYbHRiDrFnwduGq,rockabilly,Woman Cry,Rockin' Ryan & The Real Goners,0.924,0.978
0OQwNKTw3ahBfnIgHTpa2z,rockabilly,Ready Now,John Lindberg Trio,0.356,0.934
6kJ86Zi4x1LY9KEdjQA5S2,rockabilly,Rock Billy Boogie,Robert Gordon,0.584,0.664
0dye6J18r0JXCGXN3G8MeU,rockabilly,Jumpin' Jive,Various Artists,0.694,0.588
4gEqN6KIHohzeDX9za4alS,rockabilly,Fire below,The Lucky Bullets,0.548,0.986
5VFzIzR8nACf9Bad4O73f6,romance,Hurt,Johnny Cash,-0.686,-0.416
0HLWvLKQWpFdPhgk6ym58n,romance,Who Says,John Mayer,-0.266,0.018
0VZ9xPNa6ROafP6GYYuv2S,romance,Marry Me,Train,-0.016,-0.462
0ygAYQQy7bfDN6gH640bbl,romance,Wake Me Up,Ed Sheeran,-0.328,-0.582
1JCCdiru7fhstOIF4N7WJC,romance,Amnesia,5 Seconds of Summer,-0.784,-0.002
6RgSSndg8PUH2UcaCgia5V,romance,Die In Your Arms,Justin Bieber,0.526,0.752
0GNI8K3VATWBABQFAzBAYe,romance,Stay,Rihanna,-0.75,-0.38
6HFbq7cewJ7rPiffV0ciil,romance,A Sky Full of Stars,Coldplay,-0.676,0.35
0LvwrCJtecLr9mnS0h0k7U,romance,Where The Hood At,DMX,0.594,0.886
0C80KJWvQWIGjbOiIurV1W,romance,Because Of You,Ne-Yo,0.656,0.076
75HUxEyYVoVnO4ZfAU9dfp,sad,Shelter,Birdy,-0.478,-0.608
1KuNsc2Q2URrA9Xb1XnfLJ,sad,No Other Way,Paolo Nutini,-0.108,-0.218
0Swvh86QCHSVk3yXUDeEM8,sad,Let Me Go,Avril Lavigne,-0.764,0.334
2JFrlsJBH4IDt3Suot97dP,sad,What Sarah Said,Death Cab for Cutie,-0.9198,-0.122
3oPkfVLjI7tlHLmdNWw5aF,sad,All Good Things (Come To An End),Nelly Furtado,-0.15,-0.142
13yuX1iqobZtQtq5lr8UoC,sad,Blood,The Middle East,-0.756,-0.044
3lec3CzDPAxsZokPph5w87,sad,"Jesus, Take the Wheel",Carrie Underwood,-0.73,0.036
3xZMPZQYETEn4hjor3TR1A,sad,Angel,Sarah McLachlan,-0.75,-0.8512
13ETkZ90sElK5xJuB4cUEt,sad,Bonfire Heart,James Blunt,-0.102,0.642
6vpNZMYGeJ3rnwcToI9BQd,salsa,Que Lio,Héctor Lavoe,0.54,-0.224
2canuqE41S1yUstx6qnLFc,salsa,Busca Por Dentro,Grupo Niche,0.608,0.694
45DTmphquAqy97b4DPTk8T,salsa,Bilongo,Fania All Stars,0.85,0.622
7H9qr7zeA4KMNNkSajJA7O,salsa,Llegó el sonero (Duo con Gilberto Santa Rosa),"José Alberto ""El Canario""",0.928,0.61
5NukPnfvKsJvlsb4Bj8y5n,salsa,Juanita Morel,Oscar D'León,0.712,0.228
4lmOvO7Nc0Ppdz2hk8jpHj,salsa,Y Hubo Alguien,Marc Anthony,0.336,0.758
1segwDrWjU9MxYxOvPzvwr,salsa,Así Es la Mujer,Víctor Manuelle,0.68,0.736
5Ll69wG1dLa5Yrk8vo7Ris,salsa,Píntate Los Labios María,David Calzado y su Charanga Habanera,0.626,0.776
6hELl9PzLlJbzsPYkV2CyP,salsa,Quién Te Va A Querer,Gilberto Santa Rosa,0.66,0.632
5I76YtdZkFQReVgKppRd78,salsa,Mi Corazoncito,Aventura,0.922,0.278
15IyuHdxdvsKHCPLhdbZi8,samba,Caprichosos De Pilares - Brasil Nao Seremos Jamais Ou Seremos,Samba Enredo,0.78,0.508
6uNLtd1JlRbIUhGXxPHMBv,samba,Pot-Pourri,Jamelão,0.098,0.418
2jVSFiDyeNxBmg8GUO6sIn,samba,Bom Dia Tristeza,Adoniran Barbosa,-0.49,-0.8052
6xse1x81KIaI4oLDAUgv63,samba,Aldeia De Okarimbé,Various Artists,0.922,0.022
4hRLtqYm3ykHYY2ctqlooY,samba,"Pot - Pourri: Passarinho, Passarola, Quero Ver Voar / Rio de Lá Pra Cá / Atrás da Verde e Rosa Só Não Vai Quem Já Morreu",Emílio Santiago,0.034,0.22
36fdUVROlG40TLIR3WhDwn,samba,Tive Razão,Seu Jorge,0.268,0.39
63aVMU3rwhJZBLXYNZMf7G,samba,Bahia Veia Bahia,Bahia Brasil,0.084,0.346
67GwbFdvZNsOtCAeUPjEMw,samba,Samba Da Garoa,Demonios Da Garoa,0.61,0.396
3laOnxJ0GqQ4oLh0fdTmQW,samba,Se Eu Encontrar Com Ela,Arlindo Cruz,0.632,0.272
0sSBr3kulnjF4ofLW7nSWs,samba,As Rosas Não Falam (Ao Vivo),Beth Carvalho,-0.228,-0.32
75v34sROt4znRdcnMaPNfd,sertanejo,Pedaços,Cristiano Araújo,0.08,0.658
5ImvcYcks0aftAjH6i0n9v,sertanejo,Jurerê,Michel Teló,0.696,0.842
11YmZ6t3zbC7KxnXhJLSeb,sertanejo,Seu Amor,João Neto & Frederico,0.4,0.846
2a5Lx3awaFaxKIwXZs4PxB,sertanejo,Descartável,João Carreiro & Capataz,0.722,0.848
5Oyg0rQcxNsJhUuKWheHaE,sertanejo,Faz de Conta (L'Italiano) - Acústico,Eduardo Costa,0.29,0.726
4Xglcc24L2kDiZcxnKrqko,sertanejo,Matuto,Sérgio Reis,0.716,0.43
6KHtnS7liSFocWoJhUaBNp,sertanejo,Todo Seu,Daniel,-0.086,0.246
27hLasJCiMft57PtIQWaCp,sertanejo,A Vingança,Fernando & Sorocaba,-0.226,0.476
5It6SGNW8Lpmpq1qrVVhsB,sertanejo,Será - Ao Vivo,César Menotti & Fabiano,-0.178,0.87
4O3XB9fIahCAMUWlHuo54F,sertanejo,Telefone Mudo / Ainda Ontem Chorei de Saudade,Zezé Di Camargo & Luciano,0.496,0.078
6FuyxdADd7O9VRsohLpdQ8,show-tunes,Now That I've Seen Her - Original London Cast Recording/1989,Claude-Michel Schönberg,-0.656,-0.62
26RykSLUNpC2BymCxJgvTn,show-tunes,Rent,RENT Soundtrack,0.044,0.916
5uaCvZRZtKYCDWbwGOmwev,show-tunes,"Go, Go, Go Joseph",Andrew Lloyd Webber,0,0.244
466vZNzsxU4NNp8V8Yftzj,show-tunes,Suddenly,Various Artists,-0.61,-0.738
4ebEVhWoJ35j4XcG9i5Tbu,show-tunes,At the End of the Day,Les Misérables - Original 1985 London Cast Recording,0.036,-0.196
1OzSfjFW08DTD51XoNnog7,show-tunes,"That's How You Know - From ""Enchanted""/Soundtrack Version",Various Artists,0.04,0.334
4w3EeaD5rMqxEnD46PN44D,show-tunes,West Side Story: Act II: End Credits,Leonard Bernstein,-0.9176,-0.556
29bQPrp6BT0w3kaXTqIo8A,show-tunes,"A Spoonful of Sugar - From ""Mary Poppins"" / Soundtrack Version",Various Artists,0.284,-0.22
6KIu3IOLICC1CTfMocHnq8,show-tunes,Just Another Day,Original Cast Recording,0.016,0.176
6i6bZpEhzMesCn0026zhYK,show-tunes,Building the Barricade / On My Own,Les Misérables - 10th Anniversary Concert Cast,-0.76,-0.716
4TptcrHn2B5SBruKEXtdFI,singer-songwriter,It Can't Be You,Basia Bulat,-0.11,-0.296
6IwKcFdiRQZOWeYNhUiWIv,singer-songwriter,No One,Alicia Keys,-0.666,0.098
4psC5agYNMRBscGeLTqhc3,singer-songwriter,20 Years,The Civil Wars,-0.308,-0.408
265Anh9hGoozFigjUVLUeD,singer-songwriter,New Shoes,Paolo Nutini,0.708,0.47
1ZKgCgtSN3tMLcfKap6NFb,singer-songwriter,Winter Birds,Ray LaMontagne,-0.548,-0.9052
0efYshYqFcpPxgVzL9pxa6,singer-songwriter,Heart's on Fire - Radio Edit,Passenger,-0.56,-0.366
7h6Oh66oR8J20m9yQeewvv,singer-songwriter,If The Creek Don’t Rise,Dylan LeBlanc,-0.8298,-0.742
4I1BlAeZK4UBSCKoaz8vQS,singer-songwriter,If I Had a Boat,James Vincent McMorrow,-0.642,-0.41
35LDid9nvuYrUyZk5qGD0i,singer-songwriter,Belief,John Mayer,0.682,0.47
5J12O0GQSlTKphDukxlsFw,singer-songwriter,First Of The Gang To Die - Remastered,Morrissey,0.68,0.832
1HXa8Pjz7dRo2nVW2mEKuF,ska,Suburban Myth,Less Than Jake,0.476,0.794
3UYG9uLi3u8pko5zxk9yL6,ska,Night Boat To Cairo,Madness,0.26,0.886
4eNg8rPjNB6MC97ZJg6HF3,ska,The Kids Don't Like It,Reel Big Fish,0.852,0.76
6El4UA7HG443tUyueS0PdG,ska,Yard Broom,The Skatalites,0.696,-0.266
46XGpxtzzyCgW42ipxgtPc,ska,If Only for Memories,Streetlight Manifesto,0.89,0.804
6sNGJP7X3DSmQsdSD91Eu0,ska,Estrella Roja,Panteon Rococo,0.888,0.816
4Pl8ViAolRF4rK8QBMhKd9,ska,Redemption Song,Bob Marley & The Wailers,0.396,-0.482
2G6Wg8rtbi2712fKRYcIkk,ska,Everything I Want to Be,Save Ferris,0.616,0.506
17xzfKHsfIHDnpzZyl8qGV,ska,Lost Cause,Reel Big Fish,0.61,0.864
3uDkJJ3oCZRb4FiGVaNYug,ska,Ne-Ne Na-Na Na-Na Nu-Nu,Bad Manners,0.9,0.934
7J41dYQolQJEtj3UmKLu5r,sleep,U Got It Bad,Usher,0.298,0
7J4gq1xNP3IsG6lDk0eSa7,sleep,Take Me to Church,Hozier,-0.228,0.322
5JDcQAztvZTIkrWoZihgvC,sleep,A Drop In The Ocean,Ron Pope,0.128,-0.214
7zkLpY72g6lKQbiHDqri1S,sleep,Sunrise,Norah Jones,0.358,-0.402
5Ukzlujip1Slqka5OY82YS,sleep,U.N.I.,Ed Sheeran,0.156,-0.19
1KqlVt63Q4bl1VdSlymr5C,sleep,Riptide,Vance Joy,0.02,0.462
4o2iDZT9GRbYZrm4Iie93Y,sleep,In Case,Demi Lovato,0.18,-0.43
7cpHPzPgqKor6gv6nTkJ4R,sleep,Without You,Lana Del Rey,0.336,0.186
4XMP3zVxrnr58T0tjIHvpR,sleep,All Too Well,Taylor Swift,-0.326,0.218
1IAxdqQ3fUpH8i2iUIPhfp,songwriter,"Lover, You Should've Come Over",Jeff Buckley,-0.664,0.208
1jyddn36UN4tVsJGtaJfem,songwriter,You Are the Best Thing,Ray LaMontagne,0.77,0.454
3eB9uCJNnyy8TeLgYsnPIQ,songwriter,24 Karat Gold,Stevie Nicks,0.39,0.428
6n6EeSZvVLnVdX3oJXk7I6,songwriter,Rainy Saturday,Hayden,0.182,-0.29
74eJiT42DPnULB28MVvoXc,songwriter,You're So Vain,Carly Simon,0.392,0.382
2Tova86ukK0deFqOURbjJQ,songwriter,In The Margins,Ani DiFranco,-0.728,-0.53
6reF60Z1fDFvCpIVLlGupg,songwriter,Wooden Ships,"Crosby, Stills, Nash & Young",0.124,-0.44
2q2HlD7K0clCTVXIm53WYp,songwriter,My Favourite Faded Fantasy,Damien Rice,-0.798,-0.534
49K5azCmY65Ha5IuUaO678,songwriter,Reelin' In The Years,Steely Dan,0.472,0.568
5HyTN0RdXBhCq63MZCIDQn,songwriter,Metallic Cloud,Damien Jurado,-0.494,0.12
0ZUHoyKB4dPqXG7MGvnQGm,soul,One and Only,Adele,-0.632,-0.066
5pDRIxiUZ9Sz9XKKFfKSsJ,soul,Get Here,Various Artists,-0.57,-0.34
0rC3zp6AMdcSK19m9pPG8o,soul,My Dearest Darling,Etta James,0.298,-0.05
5Tt2NTH8hetHEilc2CAolF,soul,Behind A Painted Smile - Single Version,Various Artists,-0.002,0.22
1fc9mD9pM8YOqvsSnxZZCk,soul,Sometimes - Mix #9,Erykah Badu,0.564,-0.178
5spAjqC772iC2KzDvEkmSr,soul,A Song for You,Donny Hathaway,-0.8562,-0.56
27gALnl3x1UMlyJADYj26o,soul,Part-Time Lover - Single Version,Stevie Wonder,0.926,0.456
7rUPIW0pQoshbOtysdlWX2,soul,My Guy,Various Artists,0.824,0.148
1fRYJWQZw6IGZU6u3rpqBO,soul,"Valerie - Live At BBC Radio 1 Live Lounge, London / 2007",Amy Winehouse,0.292,-0.258
1FE45v3BxmGjFiDwuSpeDJ,soul,This Land Is Your Land,Sharon Jones & The Dap-Kings,0.812,0.514
2gTRWaatQIg05HmJqAcB7p,soundtracks,James Bond Theme,Various Artists,-0.782,0.248
7JD5OoA5hGBJDCBecoGlCy,soundtracks,Game Of Thrones - Main Title,Ramin Djawadi,-0.618,0.194
5S6QRddlH14aVZSBRQw9AK,soundtracks,"Grand Bazaar, Istanbul",Thomas Newman,-0.8972,0.26
2O3LQV18pxKGOvaJewG1LL,soundtracks,The Pirate That Should Not Be,Hans Zimmer,-0.18,-0.156
5i4q6tlmlRQHhgFIKWIfrm,soundtracks,Eventually We Find Our Way,Trent Reznor and Atticus Ross,-0.9194,-0.17
44MUVdZZk37Dst7HslsicL,soundtracks,Soccent Attack,Various Artists,-0.53,0.268
3OpyXcj38UihuV6XyRBhyV,soundtracks,Theme From Schindler's List (Reprise),John Williams,-0.848,-0.9724
3bV6uw3OO6iQTREl3Xg8OX,soundtracks,"Personality Goes A Long Way - Dialogue Excerpt From ""Pulp Fiction""",Various Artists,-0.332,0.132
5tbjzMMiVjSfyzpXR3plhq,soundtracks,The Destroyer,Patrick Doyle,-0.8456,-0.35
6opPrJUpq4Pl5c84eCwLmo,soundtracks,Gabriel's Oboe,Ennio Morricone,-0.865,-0.61
3eCuEXYF3VnbTDHaztfUAv,spanish,La Diabla,Romeo Santos,0.764,0.494
2SnwVR45FQyUa7miHyEGxI,spanish,Ai Se Eu Te Pego (If I Get Ya) - Worldwide Remix,Michel Teló,0.908,0.838
1aGYzAXdp9Cqd7Nv6WrSGZ,spanish,Tatuajes,Joan Sebastian,0.764,-0.064
33pO6ulKRvVpegrilxhYGp,spanish,La Curita,Aventura,0.366,0.392
0LQ8wsFsfcvoEBlIsZ2hL8,spanish,No Digas Nada (Déjà Vu),Cali Y El Dandee,-0.206,0.712
5GAW7f4CGEPC2I7oNjwB9G,spanish,El verdadero amor perdona - dueto con Prince Royce,Maná,0.438,0.524
3ge3q3Hz0KWhQX5EAQcwEy,spanish,Así Es la Vida,Elefante,0.288,0.34
211npcuencf7BGJ4eDYDne,spanish,Puede Ser,El Canto Del Loco,-0.158,-0.046
3xT9eKEFfXjTJjtLjPUnQY,spanish,Agachate - Original Mix,Danny Romero,0.656,0.526
1SAHKEikkKpPjy3EuyqOlO,spanish,Quién,Pablo Alborán,-0.446,-0.086
5NZgyefOtSSs9BszaVG0Au,study,"Symphony No. 40 in G Minor, KV. 550: I: Molto allegro",Wolfgang Amadeus Mozart,-0.666,-0.396
0Cvjlph1WGbwZY1PlMEtJY,study,Come Away With Me,Norah Jones,-0.706,-0.742
5QbQ5iAebksB5Wj5BPazNX,study,Why Am I the One,fun.,0.002,-0.002
7vcuTZAFyu0Z5dgMRLR0h0,study,Such Great Heights,Iron & Wine,0.104,-0.45
1zHlj4dQ8ZAtrayhuDDmkY,study,Timber (feat. Ke$ha),Pitbull,0.65,0.93
6nmVeODcBpsGKx5RPv003D,study,Feel Again,OneRepublic,-0.294,0.636
5eZiC96lRq6IPHEOnbw0KS,study,Up Is Down,Hans Zimmer,-0.772,-0.132
2Yjv7MOdst5y6fFsq4cKOL,study,The Heart Asks Pleasure First / The Promise - Edit,Michael Nyman,-0.538,-0.448
7n6ibfsRHhCb1Ccl9Fg2CZ,summer,Scream & Shout,will.i.am,-0.054,0.232
6cNajGUxKP53LIg0LzlfQt,summer,Climax,Usher,-0.334,-0.044
28O4PwkH8bzARStxeL4pxL,summer,Sexy Bitch (feat. Akon),David Guetta,0.706,0.266
23NPGXlSaIqWzvxIRhM2oG,summer,Under the Bridge,Red Hot Chili Peppers,0.026,-0.02
0xM88xobymkMgg46MStfnV,summer,Hey There Delilah,Plain White T's,-0.358,-0.248
2ihCaVdNZmnHZWt0fvAM7B,summer,Little Talks,Of Monsters and Men,-0.166,0.514
1S4ENupfwIqYUPM2sgCief,summer,More Than Friends (feat. Daddy Yankee),INNA,0.906,0.65
4W9KBjqf2lyUF6MdX0vsJm,summer,Get Up (Rattle) - Vocal Edit,Bingo Players,0.444,0.97
2MVwrvjmcdt4MsYYLCYMt8,summer,Tighten Up,The Black Keys,0.134,0.41
3jZomvOBa5qfTo5HkqI1p5,summer,One Way or Another (Teenage Kicks),One Direction,-0.182,0.734
42NudepILlPMlG9gHmajYJ,swedish,Precis som jag,Daniel Adams-Ray,-0.518,0.47
2EWH3N5EdsSeloRKwM8Jhj,swedish,Tro,Marie Fredriksson,-0.728,-0.26
70OYqWcYDDm2SJIRFmz3wo,swedish,Längesen,Petter,-0.084,-0.08
6wsbOfaYGMpcNkUhBTKD9U,swedish,Deirdres samba,Cornelis Vreeswijk,0.672,-0.404
2VY6Ugb5GUgWfUTpEEx85J,swedish,Kom hem,Barbados,0.1,0.512
6J8QRaEPgZQc4UxmLOJ5a9,swedish,Rider Omkring,Freestyle,0.934,0.188
7rMB8ClW6M0jO31SWrMYae,swedish,För sent,Oskar Linnros,0.638,0.702
66e6O0B9GmSRNAnzB0Bm74,swedish,Heartbeats,The Knife,-0.106,0.502
0A79ciKekqVLlLbADMYCgX,swedish,Stockholm i mitt hjärta,Petter,-0.438,0.454
6CijdaPhMqnJCd5eEG2Zbo,swedish,Kelian,Ken Ring,-0.194,0.484
3GL12BAZFVQPcCOAgPaSsT,synth-pop,Shake It Out,Florence + The Machine,-0.548,0.598
3PvzvltQZLIKk9YgoMP3Yq,synth-pop,The Mother We Share,CHVRCHES,-0.366,0.432
0mBkoM8r7KAQzZij5swTUL,synth-pop,Walking On A Dream,Empire of the Sun,0.452,0.398
4Jv7lweGIUOFQ7Oq2AtAh9,synth-pop,I Follow Rivers - The Magician Remix,Lykke Li,-0.388,0.392
0jpjNHMrpvPhYP4yjx7xAV,synth-pop,Let Go for Tonight,Foxes,-0.402,0.616
2dLLR6qlu5UJ5gk0dKz0h3,synth-pop,Royals,Lorde,-0.326,-0.144
6Z8R6UsFuGXGtiIxiD8ISb,synth-pop,Safe And Sound,Capital Cities,0.532,0.638
4Sfa7hdVkqlM8UW5LsSY3F,synth-pop,Take a Walk,Passion Pit,-0.11,0.51
3VZQshi4COChhXaz7cLP02,synth-pop,I Love It (feat. Charli XCX),Icona Pop,0.676,0.81
4iG2gAwKXsOcijVaVXzRPW,synth-pop,Time to Pretend,MGMT,-0.158,0.88
7j6SFxOpTEdip118teN71c,tango,Mentías,Juan D'Arienzo,0.692,-0.408
2tVv7YO8qTcdnHvnnoIvsj,tango,La Cumparsita,Juan D'Arienzo,-0.058,-0.636
7zwMDp9LQ0MKkFXa2TIV5u,tango,Santa Maria (Del Buen Ayre) [Tom Middleton's Cosmos Remix],Various Artists,-0.206,0.724
05UkW0aWSlpxcOlT3NtJ1N,tango,I've Seen That Face Before (Libertango),Grace Jones,0.93,-0.08
0Mku3Xy8CQy5W1j6DLCUsZ,tango,Pa' Bailar - Instrumental Album Versión,Bajofondo,0.902,0.608
61fPKTMkuESUDFSSnNvRvm,tango,Tres Amigos,Francisco Canaro,0.268,-0.37
6OzrsxvfdFD1ZWEOgTfCnr,tango,Balada Para Un Loco,Roberto Goyeneche,0.05,-0.076
29MoxkPntcZ6SHqlVHihrZ,tango,La Capilla Blanca,Carlos Di Sarli,-0.372,-0.618
2UCYMGlOAjdZlV9VynqfS0,tango,Domingo,Gotan Project,0.006,0.068
1p3qJVECZgUJ5gIXS1I0f8,tango,De mi Bandoneon,Astor Piazzolla,0.414,-0.014
0ltBH1JNzSvQJPjJpvTu9B,techno,Whistle,Flo Rida,0.5,0.866
0fTFmyy8AwWHiRoDgTh80w,techno,Vava Voom,Bassnectar,-0.674,0.94
3a5U2ySTo3qs270lyBFA6K,techno,Pinball (Radio Edit),CCK,-0.132,0.928
70RjYMSmFY0VpWqBprxDRD,techno,Ampersand,Various Artists,-0.184,0.748
7bEPjQ1OKFUmg1m4oukyZG,techno,Domino,Various Artists,-0.572,0.374
0FRelX0g1nNDFt6nvtiakE,techno,Hangover,Taio Cruz,0.27,0.776
6HdNamyPuAdmzw01XaQGXW,techno,The Rivington,Gui Boratto,-0.9234,0.48
2Ir35f19vfOEG3iEDbV2Sa,techno,Cinema (feat. Gary Go) - Skrillex Remix,Benny Benassi,-0.182,0.974
7hKq7toQZbJzsMi0F92jo5,trance,Arguru,deadmau5,-0.422,0.042
4GqvWKAq6uKAcivJGnNAhR,trance,Ping Pong,Armin van Buuren,0.108,0.87
38W1IohVo9EB2gaGIozGig,trance,Middledistancerunner,Chicane,-0.18,0.324
6KnZOnWcs2dxRCbdBZusNF,trance,As The Rush Comes - Gabriel & Dresden Sweeping Strings Remix,Motorcycle,-0.024,0.252
26vG8m6F8OP8KqoORLpTQx,trance,Knock You Out,Tiësto,-0.444,0.548
0zNdXKHJRkc22P2mNpaWLU,trance,Go It Alone,Dash Berlin,0.298,0.768
7GMTLbNJXncUbewD6VOAFh,trance,Damaged,Antillas,-0.216,0.386
71RpWF4hyc2YC5u6kZW1db,trance,Sleeping In Airports - Original Mix,Agnelli & Nelson,-0.8268,0.736
07xJusthBHlUQqCIPaoqTi,trance,Blue Fear - Original Mix,Armin van Buuren,-0.472,0.17
56UrAzZbqVEQ0Png9rlBP9,trance,Close To You,Tiësto,-0.39,0.338
2UsW4FqGYOHR0CSd3bjyya,trip-hop,Ever,21 Hertz,-0.784,-0.168
5WgOELT1kPGBVCHVHvzIHS,trip-hop,Que Sera,Various Artists,-0.198,0.442
1dPZC3LbZjsYZmVPSnuwKp,trip-hop,The Garden,Cut Chemist,0.386,0.662
7yieArGOFIdoGJv1V8hDr2,trip-hop,"Ce matin-là - From ""L'uomo in più""",Air,-0.672,-0.11
48NzgPHtWgcR1alr1hDlUM,trip-hop,Over - Live,Portishead,-0.762,0.018
7q7Y7nDdUTG9zBRhpuG2Iw,trip-hop,Deltitnu,Aydio,-0.064,0.272
1pOBMpIDjq0nT0oKVSvbps,trip-hop,L'Odeur Animale,Hooverphonic,-0.654,0.062
37A0JOrJ5WnmhIyGNnAhRN,trip-hop,Emkay,Bonobo,-0.61,-0.052
4CaRDlkZOPA667qweaXl0k,trip-hop,Closer,Lamb,0.776,0.302
6niJRu59H1q2ewuVGGLU1l,trip-hop,Six Underground,Sneaker Pimps,-0.158,0.36
4nVBt6MZDDP6tRVdQTgxJg,turkish,Story of My Life,One Direction,-0.428,0.326
3D4QFgYa3P9P0gjmv4eX6I,turkish,Chandelier,Sia,0.236,0.568
5U8hKxSaDXB8cVeLFQjvwx,turkish,The Monster,Eminem,0.134,0.7
1qfYG2JrchEyJiqKnkE7YQ,turkish,What You Know,Two Door Cinema Club,0.682,0.506
7mZB11CUKM6gDjGqzt4FeW,turkish,Sensiz İstanbul'a Düşmanım (feat. Emre Aydin),Gripin,-0.588,0.226
6K4irJEaY4e8vuw6wUaSai,turkish,"Evli, Mutlu, Çocuklu",Demet Akalın,0.29,0.86
5ZPyLVX6SZL3lSaRPZqKVH,turkish,Sevgi Olsun Taştan Olsun,İrem Derici,0.46,0.598
4ufgqeYeeT1Hbf46rGyt7q,turkish,Bounce - Original Mix,Tarkan,0.568,0.754
5JEbewz3llFvu8grudcujL,turkish,Çıkmaz Sokaklar (feat. Burcu Güneş),Eflatun,0.884,0.446
3wWBAb5MtBhvoMEm5TqOvM,turkish,Here I Am - Radio Edit,Sertab Erener,0.502,0.71
61S6wtjY80a6vHxP3JHSgE,work-out,212,Azealia Banks,0.326,0.526
2g136494iEXB1GGPakAFzx,work-out,Pressure - Alesso Remix,Nadia Ali,-0.286,0.59
7Hv89f7Dpm5Hce1XkBbjQZ,work-out,On The Floor - Radio Edit,Jennifer Lopez,-0.076,0.36
0oEFdKyCW7zMSIHazc8Yit,work-out,What You Waiting For?,Gwen Stefani,0.462,0.896
48kMd8YjgWTqUGeQpRgfRe,work-out,Deepest Shame - Andy C Remix,Plan B,-0.548,0.798
1XHjU0TGIgl5lMFKAF25Y3,work-out,23,Mike WiLL Made-It,-0.348,0.218
5z7mYFfhw6N6f23VwrokJD,work-out,The Way You Move (feat. Sleepy Brown),Outkast,0.27,0.194
0UlHiqi7seV02XNHLMtfGK,work-out,Turn Up the Music,Chris Brown,0.286,0.682
3G6hD9B2ZHOsgf4WfNu7X1,work-out,Team,Lorde,-0.168,0.156
5b2zhCz116c8XjD6VtEYGp,world-music,Slow Belly Dance Drums,Drums Of The World,-0.702,-0.406
1aVUWfEHg9ibA8DPRAfybO,world-music,East of the river nile,Augustus Pablo,0.852,-0.158
1Nov1m4HA8PBs2vyWjp2Cv,world-music,Mas Que Nada,Jorge Ben Jor,0.196,-0.194
2dT9OO06fPE9DoK1G2z6TV,world-music,Ye Ye De Smell,Fela Kuti,0.022,0.934
3XMIXnNUSe7Zb3ms8uthTF,world-music,Fenene,Youssou N'Dour,0.254,0.452
2RgMZ2GGe2nsQnY4sMs4i8,world-music,Tajabone,Various Artists,-0.374,-0.474
53ebzR7FVuvwJYjdCQm36K,world-music,Sikey,Rokia Traoré,0.714,0.274
1Ogg5nXrqc4AeMf1ryq0uL,world-music,C'est Pas Facile Pour Les Aigles - feat. Ebony Bones,Amadou & Mariam,0.642,0.71
4AVVPi7AFWT6MU6T9ipYVx,world-music,Raga Chandranandan,Ali Akbar Khan,-0.59,0.332
4dTvi1yZLKocZicwuU7nax,world-music,Meditation Dub,Augustus Pablo,0.52,0.334
